package_id,package_title,package_kind,package_folder,relative_path,sheet_or_table,variable_name,variable_label,inferred_type,non_null_sample_count,sample_values,min_value,max_value,source_file_format,confidence,notes
paper-2018-09,Network Structure And The Journey To Work: An Intra-Metropolitan Analysis,READY-TO-UPLOAD/PUBLIC,/Users/dlev2617/Documents/Code/Agents/github-packages/READY-TO-UPLOAD/PUBLIC/paper-2018-09-network-structure-and-the-journey-to-work-an-intra-metropolitan-analysis,data/derived_mcd_analysis/MCDAnalysis_Charts.xlsx,StataData,cityname,,text,184,Afton City | Andover City | Anoka City | Apple Valley City | Arden Hills City,,,xlsx,medium,Headers inferred from first row. Sampled first 185 non-empty rows from worksheet.
paper-2018-09,Network Structure And The Journey To Work: An Intra-Metropolitan Analysis,READY-TO-UPLOAD/PUBLIC,/Users/dlev2617/Documents/Code/Agents/github-packages/READY-TO-UPLOAD/PUBLIC/paper-2018-09-network-structure-and-the-journey-to-work-an-intra-metropolitan-analysis,data/derived_mcd_analysis/MCDAnalysis_Charts.xlsx,StataData,countyname,,text,182,Washington | Anoka | Dakota | Ramsey | Scott,,,xlsx,medium,Headers inferred from first row. Sampled first 185 non-empty rows from worksheet.
paper-2018-09,Network Structure And The Journey To Work: An Intra-Metropolitan Analysis,READY-TO-UPLOAD/PUBLIC,/Users/dlev2617/Documents/Code/Agents/github-packages/READY-TO-UPLOAD/PUBLIC/paper-2018-09-network-structure-and-the-journey-to-work-an-intra-metropolitan-analysis,data/derived_mcd_analysis/MCDAnalysis_Charts.xlsx,StataData,name,,text,184,Afton City | Andover City | Anoka City | Apple Valley City | Arden Hills City,,,xlsx,medium,Headers inferred from first row. Sampled first 185 non-empty rows from worksheet.
paper-2018-09,Network Structure And The Journey To Work: An Intra-Metropolitan Analysis,READY-TO-UPLOAD/PUBLIC,/Users/dlev2617/Documents/Code/Agents/github-packages/READY-TO-UPLOAD/PUBLIC/paper-2018-09-network-structure-and-the-journey-to-work-an-intra-metropolitan-analysis,data/derived_mcd_analysis/MCDAnalysis_Charts.xlsx,StataData,pop2000,,numeric,184,2839 | 26588 | 18076 | 45527 | 9652,116,382618,xlsx,medium,Headers inferred from first row. Sampled first 185 non-empty rows from worksheet.
paper-2018-09,Network Structure And The Journey To Work: An Intra-Metropolitan Analysis,READY-TO-UPLOAD/PUBLIC,/Users/dlev2617/Documents/Code/Agents/github-packages/READY-TO-UPLOAD/PUBLIC/paper-2018-09-network-structure-and-the-journey-to-work-an-intra-metropolitan-analysis,data/derived_mcd_analysis/MCDAnalysis_Charts.xlsx,StataData,popdes,,numeric,184,42 | 295 | 993 | 1006 | 388,7,3276,xlsx,medium,Headers inferred from first row. Sampled first 185 non-empty rows from worksheet.
paper-2018-09,Network Structure And The Journey To Work: An Intra-Metropolitan Analysis,READY-TO-UPLOAD/PUBLIC,/Users/dlev2617/Documents/Code/Agents/github-packages/READY-TO-UPLOAD/PUBLIC/paper-2018-09-network-structure-and-the-journey-to-work-an-intra-metropolitan-analysis,data/derived_mcd_analysis/MCDAnalysis_Charts.xlsx,StataData,labdens,,numeric,178,21.32353 | 153.3111 | 502 | 560.5778 | 186.48,2.972603,1465,xlsx,medium,Headers inferred from first row. Sampled first 185 non-empty rows from worksheet.
paper-2018-09,Network Structure And The Journey To Work: An Intra-Metropolitan Analysis,READY-TO-UPLOAD/PUBLIC,/Users/dlev2617/Documents/Code/Agents/github-packages/READY-TO-UPLOAD/PUBLIC/paper-2018-09-network-structure-and-the-journey-to-work-an-intra-metropolitan-analysis,data/derived_mcd_analysis/MCDAnalysis_Charts.xlsx,StataData,averageemployment,,numeric,184,335 | 3303 | 13297 | 11789 | 12231,0,308758,xlsx,medium,Headers inferred from first row. Sampled first 185 non-empty rows from worksheet.
paper-2018-09,Network Structure And The Journey To Work: An Intra-Metropolitan Analysis,READY-TO-UPLOAD/PUBLIC,/Users/dlev2617/Documents/Code/Agents/github-packages/READY-TO-UPLOAD/PUBLIC/paper-2018-09-network-structure-and-the-journey-to-work-an-intra-metropolitan-analysis,data/derived_mcd_analysis/MCDAnalysis_Charts.xlsx,StataData,empdensavgemparea,,numeric,184,4.910676 | 36.60199 | 730.5751 | 260.5437 | 491.1085,0,2046.067,xlsx,medium,Headers inferred from first row. Sampled first 185 non-empty rows from worksheet.
paper-2018-09,Network Structure And The Journey To Work: An Intra-Metropolitan Analysis,READY-TO-UPLOAD/PUBLIC,/Users/dlev2617/Documents/Code/Agents/github-packages/READY-TO-UPLOAD/PUBLIC/paper-2018-09-network-structure-and-the-journey-to-work-an-intra-metropolitan-analysis,data/derived_mcd_analysis/MCDAnalysis_Charts.xlsx,StataData,medhhinc99,,numeric,183,89095 | 76241 | 42659 | 69752 | 64773,26528,153881,xlsx,medium,Headers inferred from first row. Sampled first 185 non-empty rows from worksheet.
paper-2018-09,Network Structure And The Journey To Work: An Intra-Metropolitan Analysis,READY-TO-UPLOAD/PUBLIC,/Users/dlev2617/Documents/Code/Agents/github-packages/READY-TO-UPLOAD/PUBLIC/paper-2018-09-network-structure-and-the-journey-to-work-an-intra-metropolitan-analysis,data/derived_mcd_analysis/MCDAnalysis_Charts.xlsx,StataData,auto_ms,,numeric,184,0.89 | 0.85 | 0.88 | 0.82 | 0.81,0.63,0.97,xlsx,medium,Headers inferred from first row. Sampled first 185 non-empty rows from worksheet.
paper-2018-09,Network Structure And The Journey To Work: An Intra-Metropolitan Analysis,READY-TO-UPLOAD/PUBLIC,/Users/dlev2617/Documents/Code/Agents/github-packages/READY-TO-UPLOAD/PUBLIC/paper-2018-09-network-structure-and-the-journey-to-work-an-intra-metropolitan-analysis,data/derived_mcd_analysis/MCDAnalysis_Charts.xlsx,StataData,origlinks,,numeric,184,358 | 1812 | 970 | 2215 | 770,14,14428,xlsx,medium,Headers inferred from first row. Sampled first 185 non-empty rows from worksheet.
paper-2018-09,Network Structure And The Journey To Work: An Intra-Metropolitan Analysis,READY-TO-UPLOAD/PUBLIC,/Users/dlev2617/Documents/Code/Agents/github-packages/READY-TO-UPLOAD/PUBLIC/paper-2018-09-network-structure-and-the-journey-to-work-an-intra-metropolitan-analysis,data/derived_mcd_analysis/MCDAnalysis_Charts.xlsx,StataData,orignodes,,numeric,184,325 | 1484 | 698 | 1795 | 613,14,8746,xlsx,medium,Headers inferred from first row. Sampled first 185 non-empty rows from worksheet.
paper-2018-09,Network Structure And The Journey To Work: An Intra-Metropolitan Analysis,READY-TO-UPLOAD/PUBLIC,/Users/dlev2617/Documents/Code/Agents/github-packages/READY-TO-UPLOAD/PUBLIC/paper-2018-09-network-structure-and-the-journey-to-work-an-intra-metropolitan-analysis,data/derived_mcd_analysis/MCDAnalysis_Charts.xlsx,StataData,simplinks,,numeric,184,294 | 1470 | 866 | 2091 | 623,10,13264,xlsx,medium,Headers inferred from first row. Sampled first 185 non-empty rows from worksheet.
paper-2018-09,Network Structure And The Journey To Work: An Intra-Metropolitan Analysis,READY-TO-UPLOAD/PUBLIC,/Users/dlev2617/Documents/Code/Agents/github-packages/READY-TO-UPLOAD/PUBLIC/paper-2018-09-network-structure-and-the-journey-to-work-an-intra-metropolitan-analysis,data/derived_mcd_analysis/MCDAnalysis_Charts.xlsx,StataData,simpnodes,,numeric,184,261 | 1142 | 594 | 1671 | 466,10,7582,xlsx,medium,Headers inferred from first row. Sampled first 185 non-empty rows from worksheet.
paper-2018-09,Network Structure And The Journey To Work: An Intra-Metropolitan Analysis,READY-TO-UPLOAD/PUBLIC,/Users/dlev2617/Documents/Code/Agents/github-packages/READY-TO-UPLOAD/PUBLIC/paper-2018-09-network-structure-and-the-journey-to-work-an-intra-metropolitan-analysis,data/derived_mcd_analysis/MCDAnalysis_Charts.xlsx,StataData,javalinks,,numeric,184,588 | 2940 | 1732 | 4182 | 1246,20,26528,xlsx,medium,Headers inferred from first row. Sampled first 185 non-empty rows from worksheet.
paper-2018-09,Network Structure And The Journey To Work: An Intra-Metropolitan Analysis,READY-TO-UPLOAD/PUBLIC,/Users/dlev2617/Documents/Code/Agents/github-packages/READY-TO-UPLOAD/PUBLIC/paper-2018-09-network-structure-and-the-journey-to-work-an-intra-metropolitan-analysis,data/derived_mcd_analysis/MCDAnalysis_Charts.xlsx,StataData,javanodes,,numeric,184,261 | 1142 | 594 | 1671 | 466,10,7582,xlsx,medium,Headers inferred from first row. Sampled first 185 non-empty rows from worksheet.
paper-2018-09,Network Structure And The Journey To Work: An Intra-Metropolitan Analysis,READY-TO-UPLOAD/PUBLIC,/Users/dlev2617/Documents/Code/Agents/github-packages/READY-TO-UPLOAD/PUBLIC/paper-2018-09-network-structure-and-the-journey-to-work-an-intra-metropolitan-analysis,data/derived_mcd_analysis/MCDAnalysis_Charts.xlsx,StataData,cycno_u,,numeric,184,34 | 329 | 273 | 421 | 158,1,5683,xlsx,medium,Headers inferred from first row. Sampled first 185 non-empty rows from worksheet.
paper-2018-09,Network Structure And The Journey To Work: An Intra-Metropolitan Analysis,READY-TO-UPLOAD/PUBLIC,/Users/dlev2617/Documents/Code/Agents/github-packages/READY-TO-UPLOAD/PUBLIC/paper-2018-09-network-structure-and-the-journey-to-work-an-intra-metropolitan-analysis,data/derived_mcd_analysis/MCDAnalysis_Charts.xlsx,StataData,alpha,,numeric,184,0.065764 | 0.1443616 | 0.2307692 | 0.1261612 | 0.1704423,0.0082988,0.3748928,xlsx,medium,Headers inferred from first row. Sampled first 185 non-empty rows from worksheet.
paper-2018-09,Network Structure And The Journey To Work: An Intra-Metropolitan Analysis,READY-TO-UPLOAD/PUBLIC,/Users/dlev2617/Documents/Code/Agents/github-packages/READY-TO-UPLOAD/PUBLIC/paper-2018-09-network-structure-and-the-journey-to-work-an-intra-metropolitan-analysis,data/derived_mcd_analysis/MCDAnalysis_Charts.xlsx,StataData,beta,,numeric,184,1.126437 | 1.287215 | 1.457912 | 1.251346 | 1.33691,1,1.749406,xlsx,medium,Headers inferred from first row. Sampled first 185 non-empty rows from worksheet.
paper-2018-09,Network Structure And The Journey To Work: An Intra-Metropolitan Analysis,READY-TO-UPLOAD/PUBLIC,/Users/dlev2617/Documents/Code/Agents/github-packages/READY-TO-UPLOAD/PUBLIC/paper-2018-09-network-structure-and-the-journey-to-work-an-intra-metropolitan-analysis,data/derived_mcd_analysis/MCDAnalysis_Charts.xlsx,StataData,gamma,,numeric,184,0.3783784 | 0.4298246 | 0.4876126 | 0.4176153 | 0.4475575,0.3415978,0.5832894,xlsx,medium,Headers inferred from first row. Sampled first 185 non-empty rows from worksheet.
paper-2018-09,Network Structure And The Journey To Work: An Intra-Metropolitan Analysis,READY-TO-UPLOAD/PUBLIC,/Users/dlev2617/Documents/Code/Agents/github-packages/READY-TO-UPLOAD/PUBLIC/paper-2018-09-network-structure-and-the-journey-to-work-an-intra-metropolitan-analysis,data/derived_mcd_analysis/MCDAnalysis_Charts.xlsx,StataData,eta,,numeric,184,0.4899587 | 0.2482119 | 0.1619584 | 0.1633612 | 0.2579015,0.0801476,1.431577,xlsx,medium,Headers inferred from first row. Sampled first 185 non-empty rows from worksheet.
paper-2018-09,Network Structure And The Journey To Work: An Intra-Metropolitan Analysis,READY-TO-UPLOAD/PUBLIC,/Users/dlev2617/Documents/Code/Agents/github-packages/READY-TO-UPLOAD/PUBLIC/paper-2018-09-network-structure-and-the-journey-to-work-an-intra-metropolitan-analysis,data/derived_mcd_analysis/MCDAnalysis_Charts.xlsx,StataData,branchness,,numeric,184,0.3594256 | 0.1770647 | 0.1390972 | 0.2116656 | 0.1565084,0.0298389,0.9152364,xlsx,medium,Headers inferred from first row. Sampled first 185 non-empty rows from worksheet.
paper-2018-09,Network Structure And The Journey To Work: An Intra-Metropolitan Analysis,READY-TO-UPLOAD/PUBLIC,/Users/dlev2617/Documents/Code/Agents/github-packages/READY-TO-UPLOAD/PUBLIC/paper-2018-09-network-structure-and-the-journey-to-work-an-intra-metropolitan-analysis,data/derived_mcd_analysis/MCDAnalysis_Charts.xlsx,StataData,circuitness,,numeric,184,0.6405744 | 0.8229353 | 0.8609028 | 0.7883344 | 0.8434916,0.0847636,0.9701611,xlsx,medium,Headers inferred from first row. Sampled first 185 non-empty rows from worksheet.
paper-2018-09,Network Structure And The Journey To Work: An Intra-Metropolitan Analysis,READY-TO-UPLOAD/PUBLIC,/Users/dlev2617/Documents/Code/Agents/github-packages/READY-TO-UPLOAD/PUBLIC/paper-2018-09-network-structure-and-the-journey-to-work-an-intra-metropolitan-analysis,data/derived_mcd_analysis/MCDAnalysis_Charts.xlsx,StataData,completeness,,numeric,184,0.004332 | 0.001128 | 0.002459 | 0.000749 | 0.002875,0.000231,0.111111,xlsx,medium,Headers inferred from first row. Sampled first 185 non-empty rows from worksheet.
paper-2018-09,Network Structure And The Journey To Work: An Intra-Metropolitan Analysis,READY-TO-UPLOAD/PUBLIC,/Users/dlev2617/Documents/Code/Agents/github-packages/READY-TO-UPLOAD/PUBLIC/paper-2018-09-network-structure-and-the-journey-to-work-an-intra-metropolitan-analysis,data/derived_mcd_analysis/MCDAnalysis_Charts.xlsx,StataData,completeness*103,,numeric,184,4.332 | 1.1280000000000001 | 2.4589999999999996 | 0.749 | 2.875,0.231,111.111,xlsx,medium,Headers inferred from first row. Sampled first 185 non-empty rows from worksheet.
paper-2018-09,Network Structure And The Journey To Work: An Intra-Metropolitan Analysis,READY-TO-UPLOAD/PUBLIC,/Users/dlev2617/Documents/Code/Agents/github-packages/READY-TO-UPLOAD/PUBLIC/paper-2018-09-network-structure-and-the-journey-to-work-an-intra-metropolitan-analysis,data/derived_mcd_analysis/MCDAnalysis_Charts.xlsx,StataData,netwdist,,numeric,184,74484733 | 84663718 | 36558935 | 56320095 | 53437359,3773293,116963019,xlsx,medium,Headers inferred from first row. Sampled first 185 non-empty rows from worksheet.
paper-2018-09,Network Structure And The Journey To Work: An Intra-Metropolitan Analysis,READY-TO-UPLOAD/PUBLIC,/Users/dlev2617/Documents/Code/Agents/github-packages/READY-TO-UPLOAD/PUBLIC/paper-2018-09-network-structure-and-the-journey-to-work-an-intra-metropolitan-analysis,data/derived_mcd_analysis/MCDAnalysis_Charts.xlsx,StataData,eucldist,,numeric,184,51819968 | 60392938 | 26393579 | 42430485 | 39839265,3014013,85420056,xlsx,medium,Headers inferred from first row. Sampled first 185 non-empty rows from worksheet.
paper-2018-09,Network Structure And The Journey To Work: An Intra-Metropolitan Analysis,READY-TO-UPLOAD/PUBLIC,/Users/dlev2617/Documents/Code/Agents/github-packages/READY-TO-UPLOAD/PUBLIC/paper-2018-09-network-structure-and-the-journey-to-work-an-intra-metropolitan-analysis,data/derived_mcd_analysis/MCDAnalysis_Charts.xlsx,StataData,cnt_od_pairs,,numeric,184,12450 | 12400 | 12500 | 11059 | 12058,6961,12500,xlsx,medium,Headers inferred from first row. Sampled first 185 non-empty rows from worksheet.
paper-2018-09,Network Structure And The Journey To Work: An Intra-Metropolitan Analysis,READY-TO-UPLOAD/PUBLIC,/Users/dlev2617/Documents/Code/Agents/github-packages/READY-TO-UPLOAD/PUBLIC/paper-2018-09-network-structure-and-the-journey-to-work-an-intra-metropolitan-analysis,data/derived_mcd_analysis/MCDAnalysis_Charts.xlsx,StataData,circuity,,numeric,184,1.44 | 1.4 | 1.39 | 1.33 | 1.34,1.14,2.03,xlsx,medium,Headers inferred from first row. Sampled first 185 non-empty rows from worksheet.
paper-2018-09,Network Structure And The Journey To Work: An Intra-Metropolitan Analysis,READY-TO-UPLOAD/PUBLIC,/Users/dlev2617/Documents/Code/Agents/github-packages/READY-TO-UPLOAD/PUBLIC/paper-2018-09-network-structure-and-the-journey-to-work-an-intra-metropolitan-analysis,data/derived_mcd_analysis/MCDAnalysis_Charts.xlsx,StataData,ent_h,,numeric,184,0.4 | 0.02 | 0.57 | 0.36 | 0.96,0,1.66,xlsx,medium,Headers inferred from first row. Sampled first 185 non-empty rows from worksheet.
paper-2018-09,Network Structure And The Journey To Work: An Intra-Metropolitan Analysis,READY-TO-UPLOAD/PUBLIC,/Users/dlev2617/Documents/Code/Agents/github-packages/READY-TO-UPLOAD/PUBLIC/paper-2018-09-network-structure-and-the-journey-to-work-an-intra-metropolitan-analysis,data/derived_mcd_analysis/MCDAnalysis_Charts.xlsx,StataData,ent_len,,numeric,184,0.54 | 0.07 | 0.67 | 0.35 | 0.98,0,1.49,xlsx,medium,Headers inferred from first row. Sampled first 185 non-empty rows from worksheet.
paper-2018-09,Network Structure And The Journey To Work: An Intra-Metropolitan Analysis,READY-TO-UPLOAD/PUBLIC,/Users/dlev2617/Documents/Code/Agents/github-packages/READY-TO-UPLOAD/PUBLIC/paper-2018-09-network-structure-and-the-journey-to-work-an-intra-metropolitan-analysis,data/derived_mcd_analysis/MCDAnalysis_Charts.xlsx,StataData,ptagefwy,,numeric,184,2.69 | 0 | 0.68 | 7.06 | 2.68,0,15.83,xlsx,medium,Headers inferred from first row. Sampled first 185 non-empty rows from worksheet.
paper-2018-09,Network Structure And The Journey To Work: An Intra-Metropolitan Analysis,READY-TO-UPLOAD/PUBLIC,/Users/dlev2617/Documents/Code/Agents/github-packages/READY-TO-UPLOAD/PUBLIC/paper-2018-09-network-structure-and-the-journey-to-work-an-intra-metropolitan-analysis,data/derived_mcd_analysis/MCDAnalysis_Charts.xlsx,StataData,nonlocal_meters,,numeric,184,13764.8 | 0 | 12286.54 | 2337.32 | 18436.51,0,89491.86,xlsx,medium,Headers inferred from first row. Sampled first 185 non-empty rows from worksheet.
paper-2018-09,Network Structure And The Journey To Work: An Intra-Metropolitan Analysis,READY-TO-UPLOAD/PUBLIC,/Users/dlev2617/Documents/Code/Agents/github-packages/READY-TO-UPLOAD/PUBLIC/paper-2018-09-network-structure-and-the-journey-to-work-an-intra-metropolitan-analysis,data/derived_mcd_analysis/MCDAnalysis_Charts.xlsx,StataData,local_meters,,numeric,184,130283 | 364871.5 | 127969.4 | 339251 | 142236.1,2609.46,1779271,xlsx,medium,Headers inferred from first row. Sampled first 185 non-empty rows from worksheet.
paper-2018-09,Network Structure And The Journey To Work: An Intra-Metropolitan Analysis,READY-TO-UPLOAD/PUBLIC,/Users/dlev2617/Documents/Code/Agents/github-packages/READY-TO-UPLOAD/PUBLIC/paper-2018-09-network-structure-and-the-journey-to-work-an-intra-metropolitan-analysis,data/derived_mcd_analysis/MCDAnalysis_Charts.xlsx,StataData,totfwy_meters,,numeric,184,3881 | 0 | 2337 | 11338 | 11903,0,52615,xlsx,medium,Headers inferred from first row. Sampled first 185 non-empty rows from worksheet.
paper-2018-09,Network Structure And The Journey To Work: An Intra-Metropolitan Analysis,READY-TO-UPLOAD/PUBLIC,/Users/dlev2617/Documents/Code/Agents/github-packages/READY-TO-UPLOAD/PUBLIC/paper-2018-09-network-structure-and-the-journey-to-work-an-intra-metropolitan-analysis,data/derived_mcd_analysis/MCDAnalysis_Charts.xlsx,StataData,totrdwy_meters,,numeric,184,144048 | 364872 | 140256 | 341588 | 160673,2609,1868763,xlsx,medium,Headers inferred from first row. Sampled first 185 non-empty rows from worksheet.
paper-2018-09,Network Structure And The Journey To Work: An Intra-Metropolitan Analysis,READY-TO-UPLOAD/PUBLIC,/Users/dlev2617/Documents/Code/Agents/github-packages/READY-TO-UPLOAD/PUBLIC/paper-2018-09-network-structure-and-the-journey-to-work-an-intra-metropolitan-analysis,data/derived_mcd_analysis/MCDAnalysis_Charts.xlsx,StataData,area_km2,,numeric,184,68 | 90 | 18 | 45 | 25,0,151,xlsx,medium,Headers inferred from first row. Sampled first 185 non-empty rows from worksheet.
paper-2018-09,Network Structure And The Journey To Work: An Intra-Metropolitan Analysis,READY-TO-UPLOAD/PUBLIC,/Users/dlev2617/Documents/Code/Agents/github-packages/READY-TO-UPLOAD/PUBLIC/paper-2018-09-network-structure-and-the-journey-to-work-an-intra-metropolitan-analysis,data/derived_mcd_analysis/MCDAnalysis_Charts.xlsx,StataData,stdens_km2,,numeric,184,2 | 4 | 8 | 6 | 5,1,25,xlsx,medium,Headers inferred from first row. Sampled first 185 non-empty rows from worksheet.
paper-2018-09,Network Structure And The Journey To Work: An Intra-Metropolitan Analysis,READY-TO-UPLOAD/PUBLIC,/Users/dlev2617/Documents/Code/Agents/github-packages/READY-TO-UPLOAD/PUBLIC/paper-2018-09-network-structure-and-the-journey-to-work-an-intra-metropolitan-analysis,data/derived_mcd_analysis/MCDAnalysis_Charts.xlsx,StataData,a10_a19,,numeric,184,3 | 0 | 2 | 39 | 29,0,288,xlsx,medium,Headers inferred from first row. Sampled first 185 non-empty rows from worksheet.
paper-2018-09,Network Structure And The Journey To Work: An Intra-Metropolitan Analysis,READY-TO-UPLOAD/PUBLIC,/Users/dlev2617/Documents/Code/Agents/github-packages/READY-TO-UPLOAD/PUBLIC/paper-2018-09-network-structure-and-the-journey-to-work-an-intra-metropolitan-analysis,data/derived_mcd_analysis/MCDAnalysis_Charts.xlsx,StataData,a20_a29,,numeric,184,0 | 52 | 13 | 10 | 3,0,167,xlsx,medium,Headers inferred from first row. Sampled first 185 non-empty rows from worksheet.
paper-2018-09,Network Structure And The Journey To Work: An Intra-Metropolitan Analysis,READY-TO-UPLOAD/PUBLIC,/Users/dlev2617/Documents/Code/Agents/github-packages/READY-TO-UPLOAD/PUBLIC/paper-2018-09-network-structure-and-the-journey-to-work-an-intra-metropolitan-analysis,data/derived_mcd_analysis/MCDAnalysis_Charts.xlsx,StataData,a30_a39,,numeric,184,17 | 0 | 11 | 12 | 19,0,162,xlsx,medium,Headers inferred from first row. Sampled first 185 non-empty rows from worksheet.
paper-2018-09,Network Structure And The Journey To Work: An Intra-Metropolitan Analysis,READY-TO-UPLOAD/PUBLIC,/Users/dlev2617/Documents/Code/Agents/github-packages/READY-TO-UPLOAD/PUBLIC/paper-2018-09-network-structure-and-the-journey-to-work-an-intra-metropolitan-analysis,data/derived_mcd_analysis/MCDAnalysis_Charts.xlsx,StataData,a40_a49,,numeric,184,274 | 1454 | 787 | 1965 | 523,2,12381,xlsx,medium,Headers inferred from first row. Sampled first 185 non-empty rows from worksheet.
paper-2018-09,Network Structure And The Journey To Work: An Intra-Metropolitan Analysis,READY-TO-UPLOAD/PUBLIC,/Users/dlev2617/Documents/Code/Agents/github-packages/READY-TO-UPLOAD/PUBLIC/paper-2018-09-network-structure-and-the-journey-to-work-an-intra-metropolitan-analysis,data/derived_mcd_analysis/MCDAnalysis_Charts.xlsx,StataData,a50_a59,,numeric,184,0 | 3 | 2 | 1 | 8,0,15,xlsx,medium,Headers inferred from first row. Sampled first 185 non-empty rows from worksheet.
paper-2018-09,Network Structure And The Journey To Work: An Intra-Metropolitan Analysis,READY-TO-UPLOAD/PUBLIC,/Users/dlev2617/Documents/Code/Agents/github-packages/READY-TO-UPLOAD/PUBLIC/paper-2018-09-network-structure-and-the-journey-to-work-an-intra-metropolitan-analysis,data/derived_mcd_analysis/MCDAnalysis_Charts.xlsx,StataData,a60_a69,,numeric,184,0 | 12 | 10 | 31 | 18,0,307,xlsx,medium,Headers inferred from first row. Sampled first 185 non-empty rows from worksheet.
paper-2018-09,Network Structure And The Journey To Work: An Intra-Metropolitan Analysis,READY-TO-UPLOAD/PUBLIC,/Users/dlev2617/Documents/Code/Agents/github-packages/READY-TO-UPLOAD/PUBLIC/paper-2018-09-network-structure-and-the-journey-to-work-an-intra-metropolitan-analysis,data/derived_mcd_analysis/MCDAnalysis_Charts.xlsx,StataData,a70_a75,,numeric,184,0 | 4 | 114 | 5 | 1,0,114,xlsx,medium,Headers inferred from first row. Sampled first 185 non-empty rows from worksheet.
paper-2018-09,Network Structure And The Journey To Work: An Intra-Metropolitan Analysis,READY-TO-UPLOAD/PUBLIC,/Users/dlev2617/Documents/Code/Agents/github-packages/READY-TO-UPLOAD/PUBLIC/paper-2018-09-network-structure-and-the-journey-to-work-an-intra-metropolitan-analysis,data/derived_mcd_analysis/MCDAnalysis_Charts.xlsx,StataData,a_other,,numeric,184,0 | 16 | 1 | 4,0,16,xlsx,medium,Headers inferred from first row. Sampled first 185 non-empty rows from worksheet.
paper-2018-09,Network Structure And The Journey To Work: An Intra-Metropolitan Analysis,READY-TO-UPLOAD/PUBLIC,/Users/dlev2617/Documents/Code/Agents/github-packages/READY-TO-UPLOAD/PUBLIC/paper-2018-09-network-structure-and-the-journey-to-work-an-intra-metropolitan-analysis,data/derived_mcd_analysis/MCDAnalysis_Charts.xlsx,StataData,l10_a19,,numeric,184,3881 | 0 | 2337 | 11338 | 11903,0,52615,xlsx,medium,Headers inferred from first row. Sampled first 185 non-empty rows from worksheet.
paper-2018-09,Network Structure And The Journey To Work: An Intra-Metropolitan Analysis,READY-TO-UPLOAD/PUBLIC,/Users/dlev2617/Documents/Code/Agents/github-packages/READY-TO-UPLOAD/PUBLIC/paper-2018-09-network-structure-and-the-journey-to-work-an-intra-metropolitan-analysis,data/derived_mcd_analysis/MCDAnalysis_Charts.xlsx,StataData,l20_l29,,numeric,184,0 | 9965 | 3294 | 3173 | 2068,0,27117,xlsx,medium,Headers inferred from first row. Sampled first 185 non-empty rows from worksheet.
paper-2018-09,Network Structure And The Journey To Work: An Intra-Metropolitan Analysis,READY-TO-UPLOAD/PUBLIC,/Users/dlev2617/Documents/Code/Agents/github-packages/READY-TO-UPLOAD/PUBLIC/paper-2018-09-network-structure-and-the-journey-to-work-an-intra-metropolitan-analysis,data/derived_mcd_analysis/MCDAnalysis_Charts.xlsx,StataData,l30_l39,,numeric,184,9883 | 0 | 2322 | 3804 | 4642,0,25332,xlsx,medium,Headers inferred from first row. Sampled first 185 non-empty rows from worksheet.
paper-2018-09,Network Structure And The Journey To Work: An Intra-Metropolitan Analysis,READY-TO-UPLOAD/PUBLIC,/Users/dlev2617/Documents/Code/Agents/github-packages/READY-TO-UPLOAD/PUBLIC/paper-2018-09-network-structure-and-the-journey-to-work-an-intra-metropolitan-analysis,data/derived_mcd_analysis/MCDAnalysis_Charts.xlsx,StataData,l40_l49,,numeric,184,130283 | 361786 | 124541 | 324467 | 133271,2294,1728131,xlsx,medium,Headers inferred from first row. Sampled first 185 non-empty rows from worksheet.
paper-2018-09,Network Structure And The Journey To Work: An Intra-Metropolitan Analysis,READY-TO-UPLOAD/PUBLIC,/Users/dlev2617/Documents/Code/Agents/github-packages/READY-TO-UPLOAD/PUBLIC/paper-2018-09-network-structure-and-the-journey-to-work-an-intra-metropolitan-analysis,data/derived_mcd_analysis/MCDAnalysis_Charts.xlsx,StataData,l50_l59,,numeric,184,0 | 192 | 456 | 306 | 1552,0,10273,xlsx,medium,Headers inferred from first row. Sampled first 185 non-empty rows from worksheet.
paper-2018-09,Network Structure And The Journey To Work: An Intra-Metropolitan Analysis,READY-TO-UPLOAD/PUBLIC,/Users/dlev2617/Documents/Code/Agents/github-packages/READY-TO-UPLOAD/PUBLIC/paper-2018-09-network-structure-and-the-journey-to-work-an-intra-metropolitan-analysis,data/derived_mcd_analysis/MCDAnalysis_Charts.xlsx,StataData,l60_l69,,numeric,184,0 | 2752 | 2926 | 8557 | 5027,0,49011,xlsx,medium,Headers inferred from first row. Sampled first 185 non-empty rows from worksheet.
paper-2018-09,Network Structure And The Journey To Work: An Intra-Metropolitan Analysis,READY-TO-UPLOAD/PUBLIC,/Users/dlev2617/Documents/Code/Agents/github-packages/READY-TO-UPLOAD/PUBLIC/paper-2018-09-network-structure-and-the-journey-to-work-an-intra-metropolitan-analysis,data/derived_mcd_analysis/MCDAnalysis_Charts.xlsx,StataData,l70_l75,,numeric,184,0 | 676 | 11858 | 408 | 171,0,32821,xlsx,medium,Headers inferred from first row. Sampled first 185 non-empty rows from worksheet.
paper-2018-09,Network Structure And The Journey To Work: An Intra-Metropolitan Analysis,READY-TO-UPLOAD/PUBLIC,/Users/dlev2617/Documents/Code/Agents/github-packages/READY-TO-UPLOAD/PUBLIC/paper-2018-09-network-structure-and-the-journey-to-work-an-intra-metropolitan-analysis,data/derived_mcd_analysis/MCDAnalysis_Charts.xlsx,StataData,l_other,,numeric,184,0 | 3085 | 210 | 76 | 116,0,3085,xlsx,medium,Headers inferred from first row. Sampled first 185 non-empty rows from worksheet.
paper-2018-09,Network Structure And The Journey To Work: An Intra-Metropolitan Analysis,READY-TO-UPLOAD/PUBLIC,/Users/dlev2617/Documents/Code/Agents/github-packages/READY-TO-UPLOAD/PUBLIC/paper-2018-09-network-structure-and-the-journey-to-work-an-intra-metropolitan-analysis,data/derived_mcd_analysis/MCDAnalysis_Charts.xlsx,StataData,dvmt,,numeric,184,52718 | 404927 | 403745 | 797497 | 916443,0,6891841,xlsx,medium,Headers inferred from first row. Sampled first 185 non-empty rows from worksheet.
paper-2018-09,Network Structure And The Journey To Work: An Intra-Metropolitan Analysis,READY-TO-UPLOAD/PUBLIC,/Users/dlev2617/Documents/Code/Agents/github-packages/READY-TO-UPLOAD/PUBLIC/paper-2018-09-network-structure-and-the-journey-to-work-an-intra-metropolitan-analysis,data/derived_mcd_analysis/MCDAnalysis_Charts.xlsx,StataData,centline_mi,,numeric,183,67 | 208 | 82 | 185 | 55,0,895,xlsx,medium,Headers inferred from first row. Sampled first 185 non-empty rows from worksheet.
paper-2018-09,Network Structure And The Journey To Work: An Intra-Metropolitan Analysis,READY-TO-UPLOAD/PUBLIC,/Users/dlev2617/Documents/Code/Agents/github-packages/READY-TO-UPLOAD/PUBLIC/paper-2018-09-network-structure-and-the-journey-to-work-an-intra-metropolitan-analysis,data/derived_mcd_analysis/MCDAnalysis_Charts.xlsx,StataData,avg_veh_mi_pday,,numeric,184,195690 | 412153 | 399442 | 801185 | 910276,963,6838040,xlsx,medium,Headers inferred from first row. Sampled first 185 non-empty rows from worksheet.
paper-2018-09,Network Structure And The Journey To Work: An Intra-Metropolitan Analysis,READY-TO-UPLOAD/PUBLIC,/Users/dlev2617/Documents/Code/Agents/github-packages/READY-TO-UPLOAD/PUBLIC/paper-2018-09-network-structure-and-the-journey-to-work-an-intra-metropolitan-analysis,data/derived_mcd_analysis/MCDAnalysis_Charts.xlsx,StataData,dvktpercap,,numeric,184,111 | 25 | 36 | 28 | 152,3,443,xlsx,medium,Headers inferred from first row. Sampled first 185 non-empty rows from worksheet.
paper-2018-09,Network Structure And The Journey To Work: An Intra-Metropolitan Analysis,READY-TO-UPLOAD/PUBLIC,/Users/dlev2617/Documents/Code/Agents/github-packages/READY-TO-UPLOAD/PUBLIC/paper-2018-09-network-structure-and-the-journey-to-work-an-intra-metropolitan-analysis,data/derived_mcd_analysis/MCDAnalysis_Charts.xlsx,StataData,aggtt,,numeric,184,39845 | 420040 | 229630 | 601585 | 84620,1300,4279480,xlsx,medium,Headers inferred from first row. Sampled first 185 non-empty rows from worksheet.
paper-2018-09,Network Structure And The Journey To Work: An Intra-Metropolitan Analysis,READY-TO-UPLOAD/PUBLIC,/Users/dlev2617/Documents/Code/Agents/github-packages/READY-TO-UPLOAD/PUBLIC/paper-2018-09-network-structure-and-the-journey-to-work-an-intra-metropolitan-analysis,data/derived_mcd_analysis/MCDAnalysis_Charts.xlsx,StataData,no_wrks,,numeric,183,1450 | 13798 | 9036 | 25226 | 4662,60,197015,xlsx,medium,Headers inferred from first row. Sampled first 185 non-empty rows from worksheet.
paper-2018-09,Network Structure And The Journey To Work: An Intra-Metropolitan Analysis,READY-TO-UPLOAD/PUBLIC,/Users/dlev2617/Documents/Code/Agents/github-packages/READY-TO-UPLOAD/PUBLIC/paper-2018-09-network-structure-and-the-journey-to-work-an-intra-metropolitan-analysis,data/derived_mcd_analysis/MCDAnalysis_Charts.xlsx,StataData,avg_tt,,numeric,184,27.47931 | 30.44209 | 25.41279 | 23.84782 | 18.15101,18.15101,39.12845,xlsx,medium,Headers inferred from first row. Sampled first 185 non-empty rows from worksheet.
paper-2018-09,Network Structure And The Journey To Work: An Intra-Metropolitan Analysis,READY-TO-UPLOAD/PUBLIC,/Users/dlev2617/Documents/Code/Agents/github-packages/READY-TO-UPLOAD/PUBLIC/paper-2018-09-network-structure-and-the-journey-to-work-an-intra-metropolitan-analysis,data/derived_mcd_analysis/MCDAnalysis_Charts.xlsx,StataData,spd_ph3_mp,,numeric,184,27.02106 | 26.39567 | 27.11436 | 25.04644 | 28.20453,24.49381,37.25265,xlsx,medium,Headers inferred from first row. Sampled first 185 non-empty rows from worksheet.
paper-2018-09,Network Structure And The Journey To Work: An Intra-Metropolitan Analysis,READY-TO-UPLOAD/PUBLIC,/Users/dlev2617/Documents/Code/Agents/github-packages/READY-TO-UPLOAD/PUBLIC/paper-2018-09-network-structure-and-the-journey-to-work-an-intra-metropolitan-analysis,data/derived_mcd_analysis/MCDAnalysis_Charts.xlsx,StataData,spd_ph3_md,,numeric,184,27.02106 | 26.39567 | 27.11436 | 25.04644 | 28.20453,24.49381,37.25265,xlsx,medium,Headers inferred from first row. Sampled first 185 non-empty rows from worksheet.
paper-2018-09,Network Structure And The Journey To Work: An Intra-Metropolitan Analysis,READY-TO-UPLOAD/PUBLIC,/Users/dlev2617/Documents/Code/Agents/github-packages/READY-TO-UPLOAD/PUBLIC/paper-2018-09-network-structure-and-the-journey-to-work-an-intra-metropolitan-analysis,data/derived_mcd_analysis/MCDAnalysis_Charts.xlsx,StataData,spd_ph3_ap,,numeric,184,27.02106 | 26.39567 | 27.11436 | 25.04644 | 28.20453,24.49381,37.25265,xlsx,medium,Headers inferred from first row. Sampled first 185 non-empty rows from worksheet.
paper-2018-09,Network Structure And The Journey To Work: An Intra-Metropolitan Analysis,READY-TO-UPLOAD/PUBLIC,/Users/dlev2617/Documents/Code/Agents/github-packages/READY-TO-UPLOAD/PUBLIC/paper-2018-09-network-structure-and-the-journey-to-work-an-intra-metropolitan-analysis,data/derived_mcd_analysis/MCDAnalysis_Charts.xlsx,StataData,xcoord,,numeric,184,514410.8 | 474383.1 | 469410.4 | 484130.1 | 486853.1,423298.8,518823.6,xlsx,medium,Headers inferred from first row. Sampled first 185 non-empty rows from worksheet.
paper-2018-09,Network Structure And The Journey To Work: An Intra-Metropolitan Analysis,READY-TO-UPLOAD/PUBLIC,/Users/dlev2617/Documents/Code/Agents/github-packages/READY-TO-UPLOAD/PUBLIC/paper-2018-09-network-structure-and-the-journey-to-work-an-intra-metropolitan-analysis,data/derived_mcd_analysis/MCDAnalysis_Charts.xlsx,StataData,ycoord,,numeric,184,4972322 | 5011560 | 5006344 | 4954711 | 4990984,4924529,5027733,xlsx,medium,Headers inferred from first row. Sampled first 185 non-empty rows from worksheet.
paper-2018-09,Network Structure And The Journey To Work: An Intra-Metropolitan Analysis,READY-TO-UPLOAD/PUBLIC,/Users/dlev2617/Documents/Code/Agents/github-packages/READY-TO-UPLOAD/PUBLIC/paper-2018-09-network-structure-and-the-journey-to-work-an-intra-metropolitan-analysis,data/derived_mcd_analysis/MCDAnalysis_Charts.xlsx,StataData,cblk_p,,numeric,184,287.9919 | 799.9976 | 338.3242 | 583.9274 | 228.6519,8.534893,3957.358,xlsx,medium,Headers inferred from first row. Sampled first 185 non-empty rows from worksheet.
paper-2018-09,Network Structure And The Journey To Work: An Intra-Metropolitan Analysis,READY-TO-UPLOAD/PUBLIC,/Users/dlev2617/Documents/Code/Agents/github-packages/READY-TO-UPLOAD/PUBLIC/paper-2018-09-network-structure-and-the-journey-to-work-an-intra-metropolitan-analysis,data/derived_mcd_analysis/MCDAnalysis_Charts.xlsx,StataData,cblk_a,,numeric,184,68.21871 | 90.24098 | 18.20073 | 45.24768 | 24.90488,0.2136889,150.9032,xlsx,medium,Headers inferred from first row. Sampled first 185 non-empty rows from worksheet.
paper-2018-09,Network Structure And The Journey To Work: An Intra-Metropolitan Analysis,READY-TO-UPLOAD/PUBLIC,/Users/dlev2617/Documents/Code/Agents/github-packages/READY-TO-UPLOAD/PUBLIC/paper-2018-09-network-structure-and-the-journey-to-work-an-intra-metropolitan-analysis,data/derived_mcd_analysis/MCDAnalysis_Charts.xlsx,StataData,avgcblka,,numeric,184,0.8745988 | 0.2074505 | 0.0514145 | 0.0979387 | 0.1399151,0.0064915,1.694073,xlsx,medium,Headers inferred from first row. Sampled first 185 non-empty rows from worksheet.
paper-2018-09,Network Structure And The Journey To Work: An Intra-Metropolitan Analysis,READY-TO-UPLOAD/PUBLIC,/Users/dlev2617/Documents/Code/Agents/github-packages/READY-TO-UPLOAD/PUBLIC/paper-2018-09-network-structure-and-the-journey-to-work-an-intra-metropolitan-analysis,data/derived_mcd_analysis/MCDAnalysis_Charts.xlsx,StataData,p2a,,numeric,184,4.221597 | 8.865126 | 18.5885 | 12.90513 | 9.181007,2.843197,56.85964,xlsx,medium,Headers inferred from first row. Sampled first 185 non-empty rows from worksheet.
paper-2018-09,Network Structure And The Journey To Work: An Intra-Metropolitan Analysis,READY-TO-UPLOAD/PUBLIC,/Users/dlev2617/Documents/Code/Agents/github-packages/READY-TO-UPLOAD/PUBLIC/paper-2018-09-network-structure-and-the-journey-to-work-an-intra-metropolitan-analysis,data/derived_mcd_analysis/MCDAnalysis_Charts.xlsx,StataData,accessibility_mp_pop,,numeric,184,29916.71 | 212477.3 | 774121.8 | 728754.9 | 348570.7,5517.475,2681295,xlsx,medium,Headers inferred from first row. Sampled first 185 non-empty rows from worksheet.
paper-2018-09,Network Structure And The Journey To Work: An Intra-Metropolitan Analysis,READY-TO-UPLOAD/PUBLIC,/Users/dlev2617/Documents/Code/Agents/github-packages/READY-TO-UPLOAD/PUBLIC/paper-2018-09-network-structure-and-the-journey-to-work-an-intra-metropolitan-analysis,data/derived_mcd_analysis/MCDAnalysis_Charts.xlsx,StataData,accessibility_mp_labor,,numeric,184,15279.76 | 110266.3 | 386975.3 | 403794.9 | 168362.7,0,1470386,xlsx,medium,Headers inferred from first row. Sampled first 185 non-empty rows from worksheet.
paper-2018-09,Network Structure And The Journey To Work: An Intra-Metropolitan Analysis,READY-TO-UPLOAD/PUBLIC,/Users/dlev2617/Documents/Code/Agents/github-packages/READY-TO-UPLOAD/PUBLIC/paper-2018-09-network-structure-and-the-journey-to-work-an-intra-metropolitan-analysis,data/derived_mcd_analysis/MCDAnalysis_Charts.xlsx,StataData,accessibility_mp_emp,,numeric,184,3530.151 | 26395.84 | 569456.6 | 188707.6 | 441708.3,0,2163702,xlsx,medium,Headers inferred from first row. Sampled first 185 non-empty rows from worksheet.
paper-2018-09,Network Structure And The Journey To Work: An Intra-Metropolitan Analysis,READY-TO-UPLOAD/PUBLIC,/Users/dlev2617/Documents/Code/Agents/github-packages/READY-TO-UPLOAD/PUBLIC/paper-2018-09-network-structure-and-the-journey-to-work-an-intra-metropolitan-analysis,data/derived_mcd_analysis/MCDAnalysis_Charts.xlsx,StataData,pop_l1n1_p20,,numeric,146,635100000 | 7452000000 | 9354000000 | 25740000000 | 14650000000,2219983,530000000000,xlsx,medium,Headers inferred from first row. Sampled first 185 non-empty rows from worksheet.
paper-2018-09,Network Structure And The Journey To Work: An Intra-Metropolitan Analysis,READY-TO-UPLOAD/PUBLIC,/Users/dlev2617/Documents/Code/Agents/github-packages/READY-TO-UPLOAD/PUBLIC/paper-2018-09-network-structure-and-the-journey-to-work-an-intra-metropolitan-analysis,data/derived_mcd_analysis/MCDAnalysis_Charts.xlsx,StataData,pop_l1n1_p30,,numeric,146,2217000000 | 20110000000 | 26120000000 | 75110000000 | 24490000000,32098554,956600000000,xlsx,medium,Headers inferred from first row. Sampled first 185 non-empty rows from worksheet.
paper-2018-09,Network Structure And The Journey To Work: An Intra-Metropolitan Analysis,READY-TO-UPLOAD/PUBLIC,/Users/dlev2617/Documents/Code/Agents/github-packages/READY-TO-UPLOAD/PUBLIC/paper-2018-09-network-structure-and-the-journey-to-work-an-intra-metropolitan-analysis,data/derived_mcd_analysis/MCDAnalysis_Charts.xlsx,StataData,lab_l1n1_l20,,numeric,146,195200000 | 2647000000 | 3473000000 | 10350000000 | 4211000000,681245,159700000000,xlsx,medium,Headers inferred from first row. Sampled first 185 non-empty rows from worksheet.
paper-2018-09,Network Structure And The Journey To Work: An Intra-Metropolitan Analysis,READY-TO-UPLOAD/PUBLIC,/Users/dlev2617/Documents/Code/Agents/github-packages/READY-TO-UPLOAD/PUBLIC/paper-2018-09-network-structure-and-the-journey-to-work-an-intra-metropolitan-analysis,data/derived_mcd_analysis/MCDAnalysis_Charts.xlsx,StataData,lab_l1n1_l30,,numeric,146,682300000 | 7453000000 | 9228000000 | 26010000000 | 6972000000,10180076,278500000000,xlsx,medium,Headers inferred from first row. Sampled first 185 non-empty rows from worksheet.
paper-2018-09,Network Structure And The Journey To Work: An Intra-Metropolitan Analysis,READY-TO-UPLOAD/PUBLIC,/Users/dlev2617/Documents/Code/Agents/github-packages/READY-TO-UPLOAD/PUBLIC/paper-2018-09-network-structure-and-the-journey-to-work-an-intra-metropolitan-analysis,data/derived_mcd_analysis/MCDAnalysis_Charts.xlsx,StataData,emp_l1n1_j20,,numeric,146,42144621 | 316700000 | 2888000000 | 4001000000 | 11830000000,25025,387100000000,xlsx,medium,Headers inferred from first row. Sampled first 185 non-empty rows from worksheet.
paper-2018-09,Network Structure And The Journey To Work: An Intra-Metropolitan Analysis,READY-TO-UPLOAD/PUBLIC,/Users/dlev2617/Documents/Code/Agents/github-packages/READY-TO-UPLOAD/PUBLIC/paper-2018-09-network-structure-and-the-journey-to-work-an-intra-metropolitan-analysis,data/derived_mcd_analysis/MCDAnalysis_Charts.xlsx,StataData,emp_l1n1_j30,,numeric,146,179000000 | 1430000000 | 12900000000 | 13900000000 | 20500000000,1173550,517000000000,xlsx,medium,Headers inferred from first row. Sampled first 185 non-empty rows from worksheet.
paper-2018-09,Network Structure And The Journey To Work: An Intra-Metropolitan Analysis,READY-TO-UPLOAD/PUBLIC,/Users/dlev2617/Documents/Code/Agents/github-packages/READY-TO-UPLOAD/PUBLIC/paper-2018-09-network-structure-and-the-journey-to-work-an-intra-metropolitan-analysis,data/derived_mcd_analysis/MCDAnalysis_Charts.xlsx,StataData,pwa_l1n1_p20,,numeric,146,223695 | 326872 | 452257 | 565375 | 1401343,6049,1401343,xlsx,medium,Headers inferred from first row. Sampled first 185 non-empty rows from worksheet.
paper-2018-09,Network Structure And The Journey To Work: An Intra-Metropolitan Analysis,READY-TO-UPLOAD/PUBLIC,/Users/dlev2617/Documents/Code/Agents/github-packages/READY-TO-UPLOAD/PUBLIC/paper-2018-09-network-structure-and-the-journey-to-work-an-intra-metropolitan-analysis,data/derived_mcd_analysis/MCDAnalysis_Charts.xlsx,StataData,pwa_l1n1_p30,,numeric,146,780876 | 881994 | 1262973 | 1649703 | 2342739,79538,2505275,xlsx,medium,Headers inferred from first row. Sampled first 185 non-empty rows from worksheet.
paper-2018-09,Network Structure And The Journey To Work: An Intra-Metropolitan Analysis,READY-TO-UPLOAD/PUBLIC,/Users/dlev2617/Documents/Code/Agents/github-packages/READY-TO-UPLOAD/PUBLIC/paper-2018-09-network-structure-and-the-journey-to-work-an-intra-metropolitan-analysis,data/derived_mcd_analysis/MCDAnalysis_Charts.xlsx,StataData,pwa_l1n1_l20,,numeric,146,128147 | 216746 | 320366 | 394766 | 777700,3346,786971,xlsx,medium,Headers inferred from first row. Sampled first 185 non-empty rows from worksheet.
paper-2018-09,Network Structure And The Journey To Work: An Intra-Metropolitan Analysis,READY-TO-UPLOAD/PUBLIC,/Users/dlev2617/Documents/Code/Agents/github-packages/READY-TO-UPLOAD/PUBLIC/paper-2018-09-network-structure-and-the-journey-to-work-an-intra-metropolitan-analysis,data/derived_mcd_analysis/MCDAnalysis_Charts.xlsx,StataData,pwa_l1n1_l30,,numeric,146,447891 | 610312 | 851095 | 991791 | 1287451,43899,1367083,xlsx,medium,Headers inferred from first row. Sampled first 185 non-empty rows from worksheet.
paper-2018-09,Network Structure And The Journey To Work: An Intra-Metropolitan Analysis,READY-TO-UPLOAD/PUBLIC,/Users/dlev2617/Documents/Code/Agents/github-packages/READY-TO-UPLOAD/PUBLIC/paper-2018-09-network-structure-and-the-journey-to-work-an-intra-metropolitan-analysis,data/derived_mcd_analysis/MCDAnalysis_Charts.xlsx,StataData,pwa_l1n1_j20,,numeric,146,120070 | 120610 | 192332 | 330510 | 905557,715,1259700,xlsx,medium,Headers inferred from first row. Sampled first 185 non-empty rows from worksheet.
paper-2018-09,Network Structure And The Journey To Work: An Intra-Metropolitan Analysis,READY-TO-UPLOAD/PUBLIC,/Users/dlev2617/Documents/Code/Agents/github-packages/READY-TO-UPLOAD/PUBLIC/paper-2018-09-network-structure-and-the-journey-to-work-an-intra-metropolitan-analysis,data/derived_mcd_analysis/MCDAnalysis_Charts.xlsx,StataData,pwa_l1n1_j30,,numeric,146,508971 | 545456 | 858725 | 1150271 | 1565794,24743,1682888,xlsx,medium,Headers inferred from first row. Sampled first 185 non-empty rows from worksheet.
paper-2018-09,Network Structure And The Journey To Work: An Intra-Metropolitan Analysis,READY-TO-UPLOAD/PUBLIC,/Users/dlev2617/Documents/Code/Agents/github-packages/READY-TO-UPLOAD/PUBLIC/paper-2018-09-network-structure-and-the-journey-to-work-an-intra-metropolitan-analysis,data/derived_mcd_analysis/MCDAnalysis_Charts.xlsx,StataData,_merge,,numeric,184,3 | 1,1,3,xlsx,medium,Headers inferred from first row. Sampled first 185 non-empty rows from worksheet.
paper-2018-09,Network Structure And The Journey To Work: An Intra-Metropolitan Analysis,READY-TO-UPLOAD/PUBLIC,/Users/dlev2617/Documents/Code/Agents/github-packages/READY-TO-UPLOAD/PUBLIC/paper-2018-09-network-structure-and-the-journey-to-work-an-intra-metropolitan-analysis,data/derived_mcd_analysis/MCDAnalysis_Charts.xlsx,StataData,dtwnmplstaz,,numeric,184,402,402,402,xlsx,medium,Headers inferred from first row. Sampled first 185 non-empty rows from worksheet.
paper-2018-09,Network Structure And The Journey To Work: An Intra-Metropolitan Analysis,READY-TO-UPLOAD/PUBLIC,/Users/dlev2617/Documents/Code/Agents/github-packages/READY-TO-UPLOAD/PUBLIC/paper-2018-09-network-structure-and-the-journey-to-work-an-intra-metropolitan-analysis,data/derived_mcd_analysis/MCDAnalysis_Charts.xlsx,StataData,mplsxcoord,,numeric,184,478480,478480,478480,xlsx,medium,Headers inferred from first row. Sampled first 185 non-empty rows from worksheet.
paper-2018-09,Network Structure And The Journey To Work: An Intra-Metropolitan Analysis,READY-TO-UPLOAD/PUBLIC,/Users/dlev2617/Documents/Code/Agents/github-packages/READY-TO-UPLOAD/PUBLIC/paper-2018-09-network-structure-and-the-journey-to-work-an-intra-metropolitan-analysis,data/derived_mcd_analysis/MCDAnalysis_Charts.xlsx,StataData,mplsycoord,,numeric,184,4980091,4980091,4980091,xlsx,medium,Headers inferred from first row. Sampled first 185 non-empty rows from worksheet.
paper-2018-09,Network Structure And The Journey To Work: An Intra-Metropolitan Analysis,READY-TO-UPLOAD/PUBLIC,/Users/dlev2617/Documents/Code/Agents/github-packages/READY-TO-UPLOAD/PUBLIC/paper-2018-09-network-structure-and-the-journey-to-work-an-intra-metropolitan-analysis,data/derived_mcd_analysis/MCDAnalysis_Charts.xlsx,StataData,dtwnsplstaz,,numeric,184,816,816,816,xlsx,medium,Headers inferred from first row. Sampled first 185 non-empty rows from worksheet.
paper-2018-09,Network Structure And The Journey To Work: An Intra-Metropolitan Analysis,READY-TO-UPLOAD/PUBLIC,/Users/dlev2617/Documents/Code/Agents/github-packages/READY-TO-UPLOAD/PUBLIC/paper-2018-09-network-structure-and-the-journey-to-work-an-intra-metropolitan-analysis,data/derived_mcd_analysis/MCDAnalysis_Charts.xlsx,StataData,splxcoord,,numeric,184,492625,492625,492625,xlsx,medium,Headers inferred from first row. Sampled first 185 non-empty rows from worksheet.
paper-2018-09,Network Structure And The Journey To Work: An Intra-Metropolitan Analysis,READY-TO-UPLOAD/PUBLIC,/Users/dlev2617/Documents/Code/Agents/github-packages/READY-TO-UPLOAD/PUBLIC/paper-2018-09-network-structure-and-the-journey-to-work-an-intra-metropolitan-analysis,data/derived_mcd_analysis/MCDAnalysis_Charts.xlsx,StataData,splycoord,,numeric,184,4977029,4977029,4977029,xlsx,medium,Headers inferred from first row. Sampled first 185 non-empty rows from worksheet.
paper-2018-09,Network Structure And The Journey To Work: An Intra-Metropolitan Analysis,READY-TO-UPLOAD/PUBLIC,/Users/dlev2617/Documents/Code/Agents/github-packages/READY-TO-UPLOAD/PUBLIC/paper-2018-09-network-structure-and-the-journey-to-work-an-intra-metropolitan-analysis,data/derived_mcd_analysis/MCDAnalysis_Charts.xlsx,StataData,dtwnmplsdist,,numeric,184,36761.07 | 31734.57 | 27775.02 | 26001.79 | 13738.82,1339.134,62435.59,xlsx,medium,Headers inferred from first row. Sampled first 185 non-empty rows from worksheet.
paper-2018-09,Network Structure And The Journey To Work: An Intra-Metropolitan Analysis,READY-TO-UPLOAD/PUBLIC,/Users/dlev2617/Documents/Code/Agents/github-packages/READY-TO-UPLOAD/PUBLIC/paper-2018-09-network-structure-and-the-journey-to-work-an-intra-metropolitan-analysis,data/derived_mcd_analysis/MCDAnalysis_Charts.xlsx,StataData,dtwnspldist,,numeric,184,22288.45 | 39053.27 | 37393.3 | 23880.52 | 15101.09,846.8699,72840.14,xlsx,medium,Headers inferred from first row. Sampled first 185 non-empty rows from worksheet.
paper-2018-09,Network Structure And The Journey To Work: An Intra-Metropolitan Analysis,READY-TO-UPLOAD/PUBLIC,/Users/dlev2617/Documents/Code/Agents/github-packages/READY-TO-UPLOAD/PUBLIC/paper-2018-09-network-structure-and-the-journey-to-work-an-intra-metropolitan-analysis,data/derived_mcd_analysis/MCDAnalysis_Charts.xlsx,StataData,dtwnmplsdist_km,,numeric,184,36.76107 | 31.73457 | 27.77502 | 26.00179 | 13.73882,1.339134,62.43559,xlsx,medium,Headers inferred from first row. Sampled first 185 non-empty rows from worksheet.
paper-2018-09,Network Structure And The Journey To Work: An Intra-Metropolitan Analysis,READY-TO-UPLOAD/PUBLIC,/Users/dlev2617/Documents/Code/Agents/github-packages/READY-TO-UPLOAD/PUBLIC/paper-2018-09-network-structure-and-the-journey-to-work-an-intra-metropolitan-analysis,data/derived_mcd_analysis/MCDAnalysis_Charts.xlsx,StataData,dtwnspldist_km,,numeric,184,22.28844 | 39.05327 | 37.3933 | 23.88052 | 15.10109,0.8468699,72.84014,xlsx,medium,Headers inferred from first row. Sampled first 185 non-empty rows from worksheet.
paper-2018-09,Network Structure And The Journey To Work: An Intra-Metropolitan Analysis,READY-TO-UPLOAD/PUBLIC,/Users/dlev2617/Documents/Code/Agents/github-packages/READY-TO-UPLOAD/PUBLIC/paper-2018-09-network-structure-and-the-journey-to-work-an-intra-metropolitan-analysis,data/derived_mcd_analysis/MCDAnalysis_Charts.xlsx,StataData,theta (dvkt/simpnodes),,numeric,184,1207.3908045977012 | 582.0490367775832 | 1095.5151515151515 | 762.8701376421304 | 3148.291845493562,51.5081206497,5040.46153846,xlsx,medium,Headers inferred from first row. Sampled first 185 non-empty rows from worksheet.
paper-2018-09,Network Structure And The Journey To Work: An Intra-Metropolitan Analysis,READY-TO-UPLOAD/PUBLIC,/Users/dlev2617/Documents/Code/Agents/github-packages/READY-TO-UPLOAD/PUBLIC/paper-2018-09-network-structure-and-the-journey-to-work-an-intra-metropolitan-analysis,data/derived_mcd_analysis/MCDAnalysis_Charts__StataData.csv,,cityname,,text,184,Afton City | Andover City | Anoka City | Apple Valley City | Arden Hills City,,,csv,medium,"Headers inferred from first row. Delimiter `,`; sampled first 185 rows."
paper-2018-09,Network Structure And The Journey To Work: An Intra-Metropolitan Analysis,READY-TO-UPLOAD/PUBLIC,/Users/dlev2617/Documents/Code/Agents/github-packages/READY-TO-UPLOAD/PUBLIC/paper-2018-09-network-structure-and-the-journey-to-work-an-intra-metropolitan-analysis,data/derived_mcd_analysis/MCDAnalysis_Charts__StataData.csv,,countyname,,text,182,Washington | Anoka | Dakota | Ramsey | Scott,,,csv,medium,"Headers inferred from first row. Delimiter `,`; sampled first 185 rows."
paper-2018-09,Network Structure And The Journey To Work: An Intra-Metropolitan Analysis,READY-TO-UPLOAD/PUBLIC,/Users/dlev2617/Documents/Code/Agents/github-packages/READY-TO-UPLOAD/PUBLIC/paper-2018-09-network-structure-and-the-journey-to-work-an-intra-metropolitan-analysis,data/derived_mcd_analysis/MCDAnalysis_Charts__StataData.csv,,name,,text,184,Afton City | Andover City | Anoka City | Apple Valley City | Arden Hills City,,,csv,medium,"Headers inferred from first row. Delimiter `,`; sampled first 185 rows."
paper-2018-09,Network Structure And The Journey To Work: An Intra-Metropolitan Analysis,READY-TO-UPLOAD/PUBLIC,/Users/dlev2617/Documents/Code/Agents/github-packages/READY-TO-UPLOAD/PUBLIC/paper-2018-09-network-structure-and-the-journey-to-work-an-intra-metropolitan-analysis,data/derived_mcd_analysis/MCDAnalysis_Charts__StataData.csv,,pop2000,,numeric,184,2839 | 26588 | 18076 | 45527 | 9652,116,382618,csv,medium,"Headers inferred from first row. Delimiter `,`; sampled first 185 rows."
paper-2018-09,Network Structure And The Journey To Work: An Intra-Metropolitan Analysis,READY-TO-UPLOAD/PUBLIC,/Users/dlev2617/Documents/Code/Agents/github-packages/READY-TO-UPLOAD/PUBLIC/paper-2018-09-network-structure-and-the-journey-to-work-an-intra-metropolitan-analysis,data/derived_mcd_analysis/MCDAnalysis_Charts__StataData.csv,,popdes,,numeric,184,42 | 295 | 993 | 1006 | 388,7,3276,csv,medium,"Headers inferred from first row. Delimiter `,`; sampled first 185 rows."
paper-2018-09,Network Structure And The Journey To Work: An Intra-Metropolitan Analysis,READY-TO-UPLOAD/PUBLIC,/Users/dlev2617/Documents/Code/Agents/github-packages/READY-TO-UPLOAD/PUBLIC/paper-2018-09-network-structure-and-the-journey-to-work-an-intra-metropolitan-analysis,data/derived_mcd_analysis/MCDAnalysis_Charts__StataData.csv,,labdens,,numeric,178,21.32353 | 153.3111 | 502 | 560.5778 | 186.48,2.972603,1465,csv,medium,"Headers inferred from first row. Delimiter `,`; sampled first 185 rows."
paper-2018-09,Network Structure And The Journey To Work: An Intra-Metropolitan Analysis,READY-TO-UPLOAD/PUBLIC,/Users/dlev2617/Documents/Code/Agents/github-packages/READY-TO-UPLOAD/PUBLIC/paper-2018-09-network-structure-and-the-journey-to-work-an-intra-metropolitan-analysis,data/derived_mcd_analysis/MCDAnalysis_Charts__StataData.csv,,averageemployment,,numeric,184,335 | 3303 | 13297 | 11789 | 12231,0,308758,csv,medium,"Headers inferred from first row. Delimiter `,`; sampled first 185 rows."
paper-2018-09,Network Structure And The Journey To Work: An Intra-Metropolitan Analysis,READY-TO-UPLOAD/PUBLIC,/Users/dlev2617/Documents/Code/Agents/github-packages/READY-TO-UPLOAD/PUBLIC/paper-2018-09-network-structure-and-the-journey-to-work-an-intra-metropolitan-analysis,data/derived_mcd_analysis/MCDAnalysis_Charts__StataData.csv,,empdensavgemparea,,numeric,184,4.910676 | 36.60199 | 730.5751 | 260.5437 | 491.1085,0,2046.067,csv,medium,"Headers inferred from first row. Delimiter `,`; sampled first 185 rows."
paper-2018-09,Network Structure And The Journey To Work: An Intra-Metropolitan Analysis,READY-TO-UPLOAD/PUBLIC,/Users/dlev2617/Documents/Code/Agents/github-packages/READY-TO-UPLOAD/PUBLIC/paper-2018-09-network-structure-and-the-journey-to-work-an-intra-metropolitan-analysis,data/derived_mcd_analysis/MCDAnalysis_Charts__StataData.csv,,medhhinc99,,numeric,183,89095 | 76241 | 42659 | 69752 | 64773,26528,153881,csv,medium,"Headers inferred from first row. Delimiter `,`; sampled first 185 rows."
paper-2018-09,Network Structure And The Journey To Work: An Intra-Metropolitan Analysis,READY-TO-UPLOAD/PUBLIC,/Users/dlev2617/Documents/Code/Agents/github-packages/READY-TO-UPLOAD/PUBLIC/paper-2018-09-network-structure-and-the-journey-to-work-an-intra-metropolitan-analysis,data/derived_mcd_analysis/MCDAnalysis_Charts__StataData.csv,,auto_ms,,numeric,184,0.89 | 0.85 | 0.88 | 0.82 | 0.81,0.63,0.97,csv,medium,"Headers inferred from first row. Delimiter `,`; sampled first 185 rows."
paper-2018-09,Network Structure And The Journey To Work: An Intra-Metropolitan Analysis,READY-TO-UPLOAD/PUBLIC,/Users/dlev2617/Documents/Code/Agents/github-packages/READY-TO-UPLOAD/PUBLIC/paper-2018-09-network-structure-and-the-journey-to-work-an-intra-metropolitan-analysis,data/derived_mcd_analysis/MCDAnalysis_Charts__StataData.csv,,origlinks,,numeric,184,358 | 1812 | 970 | 2215 | 770,14,14428,csv,medium,"Headers inferred from first row. Delimiter `,`; sampled first 185 rows."
paper-2018-09,Network Structure And The Journey To Work: An Intra-Metropolitan Analysis,READY-TO-UPLOAD/PUBLIC,/Users/dlev2617/Documents/Code/Agents/github-packages/READY-TO-UPLOAD/PUBLIC/paper-2018-09-network-structure-and-the-journey-to-work-an-intra-metropolitan-analysis,data/derived_mcd_analysis/MCDAnalysis_Charts__StataData.csv,,orignodes,,numeric,184,325 | 1484 | 698 | 1795 | 613,14,8746,csv,medium,"Headers inferred from first row. Delimiter `,`; sampled first 185 rows."
paper-2018-09,Network Structure And The Journey To Work: An Intra-Metropolitan Analysis,READY-TO-UPLOAD/PUBLIC,/Users/dlev2617/Documents/Code/Agents/github-packages/READY-TO-UPLOAD/PUBLIC/paper-2018-09-network-structure-and-the-journey-to-work-an-intra-metropolitan-analysis,data/derived_mcd_analysis/MCDAnalysis_Charts__StataData.csv,,simplinks,,numeric,184,294 | 1470 | 866 | 2091 | 623,10,13264,csv,medium,"Headers inferred from first row. Delimiter `,`; sampled first 185 rows."
paper-2018-09,Network Structure And The Journey To Work: An Intra-Metropolitan Analysis,READY-TO-UPLOAD/PUBLIC,/Users/dlev2617/Documents/Code/Agents/github-packages/READY-TO-UPLOAD/PUBLIC/paper-2018-09-network-structure-and-the-journey-to-work-an-intra-metropolitan-analysis,data/derived_mcd_analysis/MCDAnalysis_Charts__StataData.csv,,simpnodes,,numeric,184,261 | 1142 | 594 | 1671 | 466,10,7582,csv,medium,"Headers inferred from first row. Delimiter `,`; sampled first 185 rows."
paper-2018-09,Network Structure And The Journey To Work: An Intra-Metropolitan Analysis,READY-TO-UPLOAD/PUBLIC,/Users/dlev2617/Documents/Code/Agents/github-packages/READY-TO-UPLOAD/PUBLIC/paper-2018-09-network-structure-and-the-journey-to-work-an-intra-metropolitan-analysis,data/derived_mcd_analysis/MCDAnalysis_Charts__StataData.csv,,javalinks,,numeric,184,588 | 2940 | 1732 | 4182 | 1246,20,26528,csv,medium,"Headers inferred from first row. Delimiter `,`; sampled first 185 rows."
paper-2018-09,Network Structure And The Journey To Work: An Intra-Metropolitan Analysis,READY-TO-UPLOAD/PUBLIC,/Users/dlev2617/Documents/Code/Agents/github-packages/READY-TO-UPLOAD/PUBLIC/paper-2018-09-network-structure-and-the-journey-to-work-an-intra-metropolitan-analysis,data/derived_mcd_analysis/MCDAnalysis_Charts__StataData.csv,,javanodes,,numeric,184,261 | 1142 | 594 | 1671 | 466,10,7582,csv,medium,"Headers inferred from first row. Delimiter `,`; sampled first 185 rows."
paper-2018-09,Network Structure And The Journey To Work: An Intra-Metropolitan Analysis,READY-TO-UPLOAD/PUBLIC,/Users/dlev2617/Documents/Code/Agents/github-packages/READY-TO-UPLOAD/PUBLIC/paper-2018-09-network-structure-and-the-journey-to-work-an-intra-metropolitan-analysis,data/derived_mcd_analysis/MCDAnalysis_Charts__StataData.csv,,cycno_u,,numeric,184,34 | 329 | 273 | 421 | 158,1,5683,csv,medium,"Headers inferred from first row. Delimiter `,`; sampled first 185 rows."
paper-2018-09,Network Structure And The Journey To Work: An Intra-Metropolitan Analysis,READY-TO-UPLOAD/PUBLIC,/Users/dlev2617/Documents/Code/Agents/github-packages/READY-TO-UPLOAD/PUBLIC/paper-2018-09-network-structure-and-the-journey-to-work-an-intra-metropolitan-analysis,data/derived_mcd_analysis/MCDAnalysis_Charts__StataData.csv,,alpha,,numeric,184,0.065764 | 0.1443616 | 0.2307692 | 0.1261612 | 0.1704423,0.0082988,0.3748928,csv,medium,"Headers inferred from first row. Delimiter `,`; sampled first 185 rows."
paper-2018-09,Network Structure And The Journey To Work: An Intra-Metropolitan Analysis,READY-TO-UPLOAD/PUBLIC,/Users/dlev2617/Documents/Code/Agents/github-packages/READY-TO-UPLOAD/PUBLIC/paper-2018-09-network-structure-and-the-journey-to-work-an-intra-metropolitan-analysis,data/derived_mcd_analysis/MCDAnalysis_Charts__StataData.csv,,beta,,numeric,184,1.126437 | 1.287215 | 1.457912 | 1.251346 | 1.33691,1,1.749406,csv,medium,"Headers inferred from first row. Delimiter `,`; sampled first 185 rows."
paper-2018-09,Network Structure And The Journey To Work: An Intra-Metropolitan Analysis,READY-TO-UPLOAD/PUBLIC,/Users/dlev2617/Documents/Code/Agents/github-packages/READY-TO-UPLOAD/PUBLIC/paper-2018-09-network-structure-and-the-journey-to-work-an-intra-metropolitan-analysis,data/derived_mcd_analysis/MCDAnalysis_Charts__StataData.csv,,gamma,,numeric,184,0.3783784 | 0.4298246 | 0.4876126 | 0.4176153 | 0.4475575,0.3415978,0.5832894,csv,medium,"Headers inferred from first row. Delimiter `,`; sampled first 185 rows."
paper-2018-09,Network Structure And The Journey To Work: An Intra-Metropolitan Analysis,READY-TO-UPLOAD/PUBLIC,/Users/dlev2617/Documents/Code/Agents/github-packages/READY-TO-UPLOAD/PUBLIC/paper-2018-09-network-structure-and-the-journey-to-work-an-intra-metropolitan-analysis,data/derived_mcd_analysis/MCDAnalysis_Charts__StataData.csv,,eta,,numeric,184,0.4899587 | 0.2482119 | 0.1619584 | 0.1633612 | 0.2579015,0.0801476,1.431577,csv,medium,"Headers inferred from first row. Delimiter `,`; sampled first 185 rows."
paper-2018-09,Network Structure And The Journey To Work: An Intra-Metropolitan Analysis,READY-TO-UPLOAD/PUBLIC,/Users/dlev2617/Documents/Code/Agents/github-packages/READY-TO-UPLOAD/PUBLIC/paper-2018-09-network-structure-and-the-journey-to-work-an-intra-metropolitan-analysis,data/derived_mcd_analysis/MCDAnalysis_Charts__StataData.csv,,branchness,,numeric,184,0.3594256 | 0.1770647 | 0.1390972 | 0.2116656 | 0.1565084,0.0298389,0.9152364,csv,medium,"Headers inferred from first row. Delimiter `,`; sampled first 185 rows."
paper-2018-09,Network Structure And The Journey To Work: An Intra-Metropolitan Analysis,READY-TO-UPLOAD/PUBLIC,/Users/dlev2617/Documents/Code/Agents/github-packages/READY-TO-UPLOAD/PUBLIC/paper-2018-09-network-structure-and-the-journey-to-work-an-intra-metropolitan-analysis,data/derived_mcd_analysis/MCDAnalysis_Charts__StataData.csv,,circuitness,,numeric,184,0.6405744 | 0.8229353 | 0.8609028 | 0.7883344 | 0.8434916,0.0847636,0.9701611,csv,medium,"Headers inferred from first row. Delimiter `,`; sampled first 185 rows."
paper-2018-09,Network Structure And The Journey To Work: An Intra-Metropolitan Analysis,READY-TO-UPLOAD/PUBLIC,/Users/dlev2617/Documents/Code/Agents/github-packages/READY-TO-UPLOAD/PUBLIC/paper-2018-09-network-structure-and-the-journey-to-work-an-intra-metropolitan-analysis,data/derived_mcd_analysis/MCDAnalysis_Charts__StataData.csv,,completeness,,numeric,184,0.004332 | 0.001128 | 0.002459 | 0.000749 | 0.002875,0.000231,0.111111,csv,medium,"Headers inferred from first row. Delimiter `,`; sampled first 185 rows."
paper-2018-09,Network Structure And The Journey To Work: An Intra-Metropolitan Analysis,READY-TO-UPLOAD/PUBLIC,/Users/dlev2617/Documents/Code/Agents/github-packages/READY-TO-UPLOAD/PUBLIC/paper-2018-09-network-structure-and-the-journey-to-work-an-intra-metropolitan-analysis,data/derived_mcd_analysis/MCDAnalysis_Charts__StataData.csv,,completeness*103,,text,184,=X2*1000 | =X3*1000 | =X4*1000 | =X5*1000 | =X6*1000,,,csv,medium,"Headers inferred from first row. Delimiter `,`; sampled first 185 rows."
paper-2018-09,Network Structure And The Journey To Work: An Intra-Metropolitan Analysis,READY-TO-UPLOAD/PUBLIC,/Users/dlev2617/Documents/Code/Agents/github-packages/READY-TO-UPLOAD/PUBLIC/paper-2018-09-network-structure-and-the-journey-to-work-an-intra-metropolitan-analysis,data/derived_mcd_analysis/MCDAnalysis_Charts__StataData.csv,,netwdist,,numeric,184,74484733 | 84663718 | 36558935 | 56320095 | 53437359,3773293,116963019,csv,medium,"Headers inferred from first row. Delimiter `,`; sampled first 185 rows."
paper-2018-09,Network Structure And The Journey To Work: An Intra-Metropolitan Analysis,READY-TO-UPLOAD/PUBLIC,/Users/dlev2617/Documents/Code/Agents/github-packages/READY-TO-UPLOAD/PUBLIC/paper-2018-09-network-structure-and-the-journey-to-work-an-intra-metropolitan-analysis,data/derived_mcd_analysis/MCDAnalysis_Charts__StataData.csv,,eucldist,,numeric,184,51819968 | 60392938 | 26393579 | 42430485 | 39839265,3014013,85420056,csv,medium,"Headers inferred from first row. Delimiter `,`; sampled first 185 rows."
paper-2018-09,Network Structure And The Journey To Work: An Intra-Metropolitan Analysis,READY-TO-UPLOAD/PUBLIC,/Users/dlev2617/Documents/Code/Agents/github-packages/READY-TO-UPLOAD/PUBLIC/paper-2018-09-network-structure-and-the-journey-to-work-an-intra-metropolitan-analysis,data/derived_mcd_analysis/MCDAnalysis_Charts__StataData.csv,,cnt_od_pairs,,numeric,184,12450 | 12400 | 12500 | 11059 | 12058,6961,12500,csv,medium,"Headers inferred from first row. Delimiter `,`; sampled first 185 rows."
paper-2018-09,Network Structure And The Journey To Work: An Intra-Metropolitan Analysis,READY-TO-UPLOAD/PUBLIC,/Users/dlev2617/Documents/Code/Agents/github-packages/READY-TO-UPLOAD/PUBLIC/paper-2018-09-network-structure-and-the-journey-to-work-an-intra-metropolitan-analysis,data/derived_mcd_analysis/MCDAnalysis_Charts__StataData.csv,,circuity,,numeric,184,1.44 | 1.4 | 1.39 | 1.33 | 1.34,1.14,2.03,csv,medium,"Headers inferred from first row. Delimiter `,`; sampled first 185 rows."
paper-2018-09,Network Structure And The Journey To Work: An Intra-Metropolitan Analysis,READY-TO-UPLOAD/PUBLIC,/Users/dlev2617/Documents/Code/Agents/github-packages/READY-TO-UPLOAD/PUBLIC/paper-2018-09-network-structure-and-the-journey-to-work-an-intra-metropolitan-analysis,data/derived_mcd_analysis/MCDAnalysis_Charts__StataData.csv,,ent_h,,numeric,184,0.4 | 0.02 | 0.57 | 0.36 | 0.96,0,1.66,csv,medium,"Headers inferred from first row. Delimiter `,`; sampled first 185 rows."
paper-2018-09,Network Structure And The Journey To Work: An Intra-Metropolitan Analysis,READY-TO-UPLOAD/PUBLIC,/Users/dlev2617/Documents/Code/Agents/github-packages/READY-TO-UPLOAD/PUBLIC/paper-2018-09-network-structure-and-the-journey-to-work-an-intra-metropolitan-analysis,data/derived_mcd_analysis/MCDAnalysis_Charts__StataData.csv,,ent_len,,numeric,184,0.54 | 0.07 | 0.67 | 0.35 | 0.98,0,1.49,csv,medium,"Headers inferred from first row. Delimiter `,`; sampled first 185 rows."
paper-2018-09,Network Structure And The Journey To Work: An Intra-Metropolitan Analysis,READY-TO-UPLOAD/PUBLIC,/Users/dlev2617/Documents/Code/Agents/github-packages/READY-TO-UPLOAD/PUBLIC/paper-2018-09-network-structure-and-the-journey-to-work-an-intra-metropolitan-analysis,data/derived_mcd_analysis/MCDAnalysis_Charts__StataData.csv,,ptagefwy,,numeric,184,2.69 | 0 | 0.68 | 7.06 | 2.68,0,15.83,csv,medium,"Headers inferred from first row. Delimiter `,`; sampled first 185 rows."
paper-2018-09,Network Structure And The Journey To Work: An Intra-Metropolitan Analysis,READY-TO-UPLOAD/PUBLIC,/Users/dlev2617/Documents/Code/Agents/github-packages/READY-TO-UPLOAD/PUBLIC/paper-2018-09-network-structure-and-the-journey-to-work-an-intra-metropolitan-analysis,data/derived_mcd_analysis/MCDAnalysis_Charts__StataData.csv,,nonlocal_meters,,numeric,184,13764.8 | 0 | 12286.54 | 2337.32 | 18436.51,0,89491.86,csv,medium,"Headers inferred from first row. Delimiter `,`; sampled first 185 rows."
paper-2018-09,Network Structure And The Journey To Work: An Intra-Metropolitan Analysis,READY-TO-UPLOAD/PUBLIC,/Users/dlev2617/Documents/Code/Agents/github-packages/READY-TO-UPLOAD/PUBLIC/paper-2018-09-network-structure-and-the-journey-to-work-an-intra-metropolitan-analysis,data/derived_mcd_analysis/MCDAnalysis_Charts__StataData.csv,,local_meters,,numeric,184,130283 | 364871.5 | 127969.4 | 339251 | 142236.1,2609.46,1779271,csv,medium,"Headers inferred from first row. Delimiter `,`; sampled first 185 rows."
paper-2018-09,Network Structure And The Journey To Work: An Intra-Metropolitan Analysis,READY-TO-UPLOAD/PUBLIC,/Users/dlev2617/Documents/Code/Agents/github-packages/READY-TO-UPLOAD/PUBLIC/paper-2018-09-network-structure-and-the-journey-to-work-an-intra-metropolitan-analysis,data/derived_mcd_analysis/MCDAnalysis_Charts__StataData.csv,,totfwy_meters,,numeric,184,3881 | 0 | 2337 | 11338 | 11903,0,52615,csv,medium,"Headers inferred from first row. Delimiter `,`; sampled first 185 rows."
paper-2018-09,Network Structure And The Journey To Work: An Intra-Metropolitan Analysis,READY-TO-UPLOAD/PUBLIC,/Users/dlev2617/Documents/Code/Agents/github-packages/READY-TO-UPLOAD/PUBLIC/paper-2018-09-network-structure-and-the-journey-to-work-an-intra-metropolitan-analysis,data/derived_mcd_analysis/MCDAnalysis_Charts__StataData.csv,,totrdwy_meters,,numeric,184,144048 | 364872 | 140256 | 341588 | 160673,2609,1868763,csv,medium,"Headers inferred from first row. Delimiter `,`; sampled first 185 rows."
paper-2018-09,Network Structure And The Journey To Work: An Intra-Metropolitan Analysis,READY-TO-UPLOAD/PUBLIC,/Users/dlev2617/Documents/Code/Agents/github-packages/READY-TO-UPLOAD/PUBLIC/paper-2018-09-network-structure-and-the-journey-to-work-an-intra-metropolitan-analysis,data/derived_mcd_analysis/MCDAnalysis_Charts__StataData.csv,,area_km2,,numeric,184,68 | 90 | 18 | 45 | 25,0,151,csv,medium,"Headers inferred from first row. Delimiter `,`; sampled first 185 rows."
paper-2018-09,Network Structure And The Journey To Work: An Intra-Metropolitan Analysis,READY-TO-UPLOAD/PUBLIC,/Users/dlev2617/Documents/Code/Agents/github-packages/READY-TO-UPLOAD/PUBLIC/paper-2018-09-network-structure-and-the-journey-to-work-an-intra-metropolitan-analysis,data/derived_mcd_analysis/MCDAnalysis_Charts__StataData.csv,,stdens_km2,,numeric,184,2 | 4 | 8 | 6 | 5,1,25,csv,medium,"Headers inferred from first row. Delimiter `,`; sampled first 185 rows."
paper-2018-09,Network Structure And The Journey To Work: An Intra-Metropolitan Analysis,READY-TO-UPLOAD/PUBLIC,/Users/dlev2617/Documents/Code/Agents/github-packages/READY-TO-UPLOAD/PUBLIC/paper-2018-09-network-structure-and-the-journey-to-work-an-intra-metropolitan-analysis,data/derived_mcd_analysis/MCDAnalysis_Charts__StataData.csv,,a10_a19,,numeric,184,3 | 0 | 2 | 39 | 29,0,288,csv,medium,"Headers inferred from first row. Delimiter `,`; sampled first 185 rows."
paper-2018-09,Network Structure And The Journey To Work: An Intra-Metropolitan Analysis,READY-TO-UPLOAD/PUBLIC,/Users/dlev2617/Documents/Code/Agents/github-packages/READY-TO-UPLOAD/PUBLIC/paper-2018-09-network-structure-and-the-journey-to-work-an-intra-metropolitan-analysis,data/derived_mcd_analysis/MCDAnalysis_Charts__StataData.csv,,a20_a29,,numeric,184,0 | 52 | 13 | 10 | 3,0,167,csv,medium,"Headers inferred from first row. Delimiter `,`; sampled first 185 rows."
paper-2018-09,Network Structure And The Journey To Work: An Intra-Metropolitan Analysis,READY-TO-UPLOAD/PUBLIC,/Users/dlev2617/Documents/Code/Agents/github-packages/READY-TO-UPLOAD/PUBLIC/paper-2018-09-network-structure-and-the-journey-to-work-an-intra-metropolitan-analysis,data/derived_mcd_analysis/MCDAnalysis_Charts__StataData.csv,,a30_a39,,numeric,184,17 | 0 | 11 | 12 | 19,0,162,csv,medium,"Headers inferred from first row. Delimiter `,`; sampled first 185 rows."
paper-2018-09,Network Structure And The Journey To Work: An Intra-Metropolitan Analysis,READY-TO-UPLOAD/PUBLIC,/Users/dlev2617/Documents/Code/Agents/github-packages/READY-TO-UPLOAD/PUBLIC/paper-2018-09-network-structure-and-the-journey-to-work-an-intra-metropolitan-analysis,data/derived_mcd_analysis/MCDAnalysis_Charts__StataData.csv,,a40_a49,,numeric,184,274 | 1454 | 787 | 1965 | 523,2,12381,csv,medium,"Headers inferred from first row. Delimiter `,`; sampled first 185 rows."
paper-2018-09,Network Structure And The Journey To Work: An Intra-Metropolitan Analysis,READY-TO-UPLOAD/PUBLIC,/Users/dlev2617/Documents/Code/Agents/github-packages/READY-TO-UPLOAD/PUBLIC/paper-2018-09-network-structure-and-the-journey-to-work-an-intra-metropolitan-analysis,data/derived_mcd_analysis/MCDAnalysis_Charts__StataData.csv,,a50_a59,,numeric,184,0 | 3 | 2 | 1 | 8,0,15,csv,medium,"Headers inferred from first row. Delimiter `,`; sampled first 185 rows."
paper-2018-09,Network Structure And The Journey To Work: An Intra-Metropolitan Analysis,READY-TO-UPLOAD/PUBLIC,/Users/dlev2617/Documents/Code/Agents/github-packages/READY-TO-UPLOAD/PUBLIC/paper-2018-09-network-structure-and-the-journey-to-work-an-intra-metropolitan-analysis,data/derived_mcd_analysis/MCDAnalysis_Charts__StataData.csv,,a60_a69,,numeric,184,0 | 12 | 10 | 31 | 18,0,307,csv,medium,"Headers inferred from first row. Delimiter `,`; sampled first 185 rows."
paper-2018-09,Network Structure And The Journey To Work: An Intra-Metropolitan Analysis,READY-TO-UPLOAD/PUBLIC,/Users/dlev2617/Documents/Code/Agents/github-packages/READY-TO-UPLOAD/PUBLIC/paper-2018-09-network-structure-and-the-journey-to-work-an-intra-metropolitan-analysis,data/derived_mcd_analysis/MCDAnalysis_Charts__StataData.csv,,a70_a75,,numeric,184,0 | 4 | 114 | 5 | 1,0,114,csv,medium,"Headers inferred from first row. Delimiter `,`; sampled first 185 rows."
paper-2018-09,Network Structure And The Journey To Work: An Intra-Metropolitan Analysis,READY-TO-UPLOAD/PUBLIC,/Users/dlev2617/Documents/Code/Agents/github-packages/READY-TO-UPLOAD/PUBLIC/paper-2018-09-network-structure-and-the-journey-to-work-an-intra-metropolitan-analysis,data/derived_mcd_analysis/MCDAnalysis_Charts__StataData.csv,,a_other,,numeric,184,0 | 16 | 1 | 4,0,16,csv,medium,"Headers inferred from first row. Delimiter `,`; sampled first 185 rows."
paper-2018-09,Network Structure And The Journey To Work: An Intra-Metropolitan Analysis,READY-TO-UPLOAD/PUBLIC,/Users/dlev2617/Documents/Code/Agents/github-packages/READY-TO-UPLOAD/PUBLIC/paper-2018-09-network-structure-and-the-journey-to-work-an-intra-metropolitan-analysis,data/derived_mcd_analysis/MCDAnalysis_Charts__StataData.csv,,l10_a19,,numeric,184,3881 | 0 | 2337 | 11338 | 11903,0,52615,csv,medium,"Headers inferred from first row. Delimiter `,`; sampled first 185 rows."
paper-2018-09,Network Structure And The Journey To Work: An Intra-Metropolitan Analysis,READY-TO-UPLOAD/PUBLIC,/Users/dlev2617/Documents/Code/Agents/github-packages/READY-TO-UPLOAD/PUBLIC/paper-2018-09-network-structure-and-the-journey-to-work-an-intra-metropolitan-analysis,data/derived_mcd_analysis/MCDAnalysis_Charts__StataData.csv,,l20_l29,,numeric,184,0 | 9965 | 3294 | 3173 | 2068,0,27117,csv,medium,"Headers inferred from first row. Delimiter `,`; sampled first 185 rows."
paper-2018-09,Network Structure And The Journey To Work: An Intra-Metropolitan Analysis,READY-TO-UPLOAD/PUBLIC,/Users/dlev2617/Documents/Code/Agents/github-packages/READY-TO-UPLOAD/PUBLIC/paper-2018-09-network-structure-and-the-journey-to-work-an-intra-metropolitan-analysis,data/derived_mcd_analysis/MCDAnalysis_Charts__StataData.csv,,l30_l39,,numeric,184,9883 | 0 | 2322 | 3804 | 4642,0,25332,csv,medium,"Headers inferred from first row. Delimiter `,`; sampled first 185 rows."
paper-2018-09,Network Structure And The Journey To Work: An Intra-Metropolitan Analysis,READY-TO-UPLOAD/PUBLIC,/Users/dlev2617/Documents/Code/Agents/github-packages/READY-TO-UPLOAD/PUBLIC/paper-2018-09-network-structure-and-the-journey-to-work-an-intra-metropolitan-analysis,data/derived_mcd_analysis/MCDAnalysis_Charts__StataData.csv,,l40_l49,,numeric,184,130283 | 361786 | 124541 | 324467 | 133271,2294,1728131,csv,medium,"Headers inferred from first row. Delimiter `,`; sampled first 185 rows."
paper-2018-09,Network Structure And The Journey To Work: An Intra-Metropolitan Analysis,READY-TO-UPLOAD/PUBLIC,/Users/dlev2617/Documents/Code/Agents/github-packages/READY-TO-UPLOAD/PUBLIC/paper-2018-09-network-structure-and-the-journey-to-work-an-intra-metropolitan-analysis,data/derived_mcd_analysis/MCDAnalysis_Charts__StataData.csv,,l50_l59,,numeric,184,0 | 192 | 456 | 306 | 1552,0,10273,csv,medium,"Headers inferred from first row. Delimiter `,`; sampled first 185 rows."
paper-2018-09,Network Structure And The Journey To Work: An Intra-Metropolitan Analysis,READY-TO-UPLOAD/PUBLIC,/Users/dlev2617/Documents/Code/Agents/github-packages/READY-TO-UPLOAD/PUBLIC/paper-2018-09-network-structure-and-the-journey-to-work-an-intra-metropolitan-analysis,data/derived_mcd_analysis/MCDAnalysis_Charts__StataData.csv,,l60_l69,,numeric,184,0 | 2752 | 2926 | 8557 | 5027,0,49011,csv,medium,"Headers inferred from first row. Delimiter `,`; sampled first 185 rows."
paper-2018-09,Network Structure And The Journey To Work: An Intra-Metropolitan Analysis,READY-TO-UPLOAD/PUBLIC,/Users/dlev2617/Documents/Code/Agents/github-packages/READY-TO-UPLOAD/PUBLIC/paper-2018-09-network-structure-and-the-journey-to-work-an-intra-metropolitan-analysis,data/derived_mcd_analysis/MCDAnalysis_Charts__StataData.csv,,l70_l75,,numeric,184,0 | 676 | 11858 | 408 | 171,0,32821,csv,medium,"Headers inferred from first row. Delimiter `,`; sampled first 185 rows."
paper-2018-09,Network Structure And The Journey To Work: An Intra-Metropolitan Analysis,READY-TO-UPLOAD/PUBLIC,/Users/dlev2617/Documents/Code/Agents/github-packages/READY-TO-UPLOAD/PUBLIC/paper-2018-09-network-structure-and-the-journey-to-work-an-intra-metropolitan-analysis,data/derived_mcd_analysis/MCDAnalysis_Charts__StataData.csv,,l_other,,numeric,184,0 | 3085 | 210 | 76 | 116,0,3085,csv,medium,"Headers inferred from first row. Delimiter `,`; sampled first 185 rows."
paper-2018-09,Network Structure And The Journey To Work: An Intra-Metropolitan Analysis,READY-TO-UPLOAD/PUBLIC,/Users/dlev2617/Documents/Code/Agents/github-packages/READY-TO-UPLOAD/PUBLIC/paper-2018-09-network-structure-and-the-journey-to-work-an-intra-metropolitan-analysis,data/derived_mcd_analysis/MCDAnalysis_Charts__StataData.csv,,dvmt,,numeric,184,52718 | 404927 | 403745 | 797497 | 916443,0,6891841,csv,medium,"Headers inferred from first row. Delimiter `,`; sampled first 185 rows."
paper-2018-09,Network Structure And The Journey To Work: An Intra-Metropolitan Analysis,READY-TO-UPLOAD/PUBLIC,/Users/dlev2617/Documents/Code/Agents/github-packages/READY-TO-UPLOAD/PUBLIC/paper-2018-09-network-structure-and-the-journey-to-work-an-intra-metropolitan-analysis,data/derived_mcd_analysis/MCDAnalysis_Charts__StataData.csv,,centline_mi,,numeric,183,67 | 208 | 82 | 185 | 55,0,895,csv,medium,"Headers inferred from first row. Delimiter `,`; sampled first 185 rows."
paper-2018-09,Network Structure And The Journey To Work: An Intra-Metropolitan Analysis,READY-TO-UPLOAD/PUBLIC,/Users/dlev2617/Documents/Code/Agents/github-packages/READY-TO-UPLOAD/PUBLIC/paper-2018-09-network-structure-and-the-journey-to-work-an-intra-metropolitan-analysis,data/derived_mcd_analysis/MCDAnalysis_Charts__StataData.csv,,avg_veh_mi_pday,,numeric,184,195690 | 412153 | 399442 | 801185 | 910276,963,6838040,csv,medium,"Headers inferred from first row. Delimiter `,`; sampled first 185 rows."
paper-2018-09,Network Structure And The Journey To Work: An Intra-Metropolitan Analysis,READY-TO-UPLOAD/PUBLIC,/Users/dlev2617/Documents/Code/Agents/github-packages/READY-TO-UPLOAD/PUBLIC/paper-2018-09-network-structure-and-the-journey-to-work-an-intra-metropolitan-analysis,data/derived_mcd_analysis/MCDAnalysis_Charts__StataData.csv,,dvktpercap,,numeric,184,111 | 25 | 36 | 28 | 152,3,443,csv,medium,"Headers inferred from first row. Delimiter `,`; sampled first 185 rows."
paper-2018-09,Network Structure And The Journey To Work: An Intra-Metropolitan Analysis,READY-TO-UPLOAD/PUBLIC,/Users/dlev2617/Documents/Code/Agents/github-packages/READY-TO-UPLOAD/PUBLIC/paper-2018-09-network-structure-and-the-journey-to-work-an-intra-metropolitan-analysis,data/derived_mcd_analysis/MCDAnalysis_Charts__StataData.csv,,aggtt,,numeric,184,39845 | 420040 | 229630 | 601585 | 84620,1300,4279480,csv,medium,"Headers inferred from first row. Delimiter `,`; sampled first 185 rows."
paper-2018-09,Network Structure And The Journey To Work: An Intra-Metropolitan Analysis,READY-TO-UPLOAD/PUBLIC,/Users/dlev2617/Documents/Code/Agents/github-packages/READY-TO-UPLOAD/PUBLIC/paper-2018-09-network-structure-and-the-journey-to-work-an-intra-metropolitan-analysis,data/derived_mcd_analysis/MCDAnalysis_Charts__StataData.csv,,no_wrks,,numeric,183,1450 | 13798 | 9036 | 25226 | 4662,60,197015,csv,medium,"Headers inferred from first row. Delimiter `,`; sampled first 185 rows."
paper-2018-09,Network Structure And The Journey To Work: An Intra-Metropolitan Analysis,READY-TO-UPLOAD/PUBLIC,/Users/dlev2617/Documents/Code/Agents/github-packages/READY-TO-UPLOAD/PUBLIC/paper-2018-09-network-structure-and-the-journey-to-work-an-intra-metropolitan-analysis,data/derived_mcd_analysis/MCDAnalysis_Charts__StataData.csv,,avg_tt,,numeric,184,27.47931 | 30.44209 | 25.41279 | 23.84782 | 18.15101,18.15101,39.12845,csv,medium,"Headers inferred from first row. Delimiter `,`; sampled first 185 rows."
paper-2018-09,Network Structure And The Journey To Work: An Intra-Metropolitan Analysis,READY-TO-UPLOAD/PUBLIC,/Users/dlev2617/Documents/Code/Agents/github-packages/READY-TO-UPLOAD/PUBLIC/paper-2018-09-network-structure-and-the-journey-to-work-an-intra-metropolitan-analysis,data/derived_mcd_analysis/MCDAnalysis_Charts__StataData.csv,,spd_ph3_mp,,numeric,184,27.02106 | 26.39567 | 27.11436 | 25.04644 | 28.20453,24.49381,37.25265,csv,medium,"Headers inferred from first row. Delimiter `,`; sampled first 185 rows."
paper-2018-09,Network Structure And The Journey To Work: An Intra-Metropolitan Analysis,READY-TO-UPLOAD/PUBLIC,/Users/dlev2617/Documents/Code/Agents/github-packages/READY-TO-UPLOAD/PUBLIC/paper-2018-09-network-structure-and-the-journey-to-work-an-intra-metropolitan-analysis,data/derived_mcd_analysis/MCDAnalysis_Charts__StataData.csv,,spd_ph3_md,,numeric,184,27.02106 | 26.39567 | 27.11436 | 25.04644 | 28.20453,24.49381,37.25265,csv,medium,"Headers inferred from first row. Delimiter `,`; sampled first 185 rows."
paper-2018-09,Network Structure And The Journey To Work: An Intra-Metropolitan Analysis,READY-TO-UPLOAD/PUBLIC,/Users/dlev2617/Documents/Code/Agents/github-packages/READY-TO-UPLOAD/PUBLIC/paper-2018-09-network-structure-and-the-journey-to-work-an-intra-metropolitan-analysis,data/derived_mcd_analysis/MCDAnalysis_Charts__StataData.csv,,spd_ph3_ap,,numeric,184,27.02106 | 26.39567 | 27.11436 | 25.04644 | 28.20453,24.49381,37.25265,csv,medium,"Headers inferred from first row. Delimiter `,`; sampled first 185 rows."
paper-2018-09,Network Structure And The Journey To Work: An Intra-Metropolitan Analysis,READY-TO-UPLOAD/PUBLIC,/Users/dlev2617/Documents/Code/Agents/github-packages/READY-TO-UPLOAD/PUBLIC/paper-2018-09-network-structure-and-the-journey-to-work-an-intra-metropolitan-analysis,data/derived_mcd_analysis/MCDAnalysis_Charts__StataData.csv,,xcoord,,numeric,184,514410.8 | 474383.1 | 469410.4 | 484130.1 | 486853.1,423298.8,518823.6,csv,medium,"Headers inferred from first row. Delimiter `,`; sampled first 185 rows."
paper-2018-09,Network Structure And The Journey To Work: An Intra-Metropolitan Analysis,READY-TO-UPLOAD/PUBLIC,/Users/dlev2617/Documents/Code/Agents/github-packages/READY-TO-UPLOAD/PUBLIC/paper-2018-09-network-structure-and-the-journey-to-work-an-intra-metropolitan-analysis,data/derived_mcd_analysis/MCDAnalysis_Charts__StataData.csv,,ycoord,,numeric,184,4972322 | 5011560 | 5006344 | 4954711 | 4990984,4924529,5027733,csv,medium,"Headers inferred from first row. Delimiter `,`; sampled first 185 rows."
paper-2018-09,Network Structure And The Journey To Work: An Intra-Metropolitan Analysis,READY-TO-UPLOAD/PUBLIC,/Users/dlev2617/Documents/Code/Agents/github-packages/READY-TO-UPLOAD/PUBLIC/paper-2018-09-network-structure-and-the-journey-to-work-an-intra-metropolitan-analysis,data/derived_mcd_analysis/MCDAnalysis_Charts__StataData.csv,,cblk_p,,numeric,184,287.9919 | 799.9976 | 338.3242 | 583.9274 | 228.6519,8.534893,3957.358,csv,medium,"Headers inferred from first row. Delimiter `,`; sampled first 185 rows."
paper-2018-09,Network Structure And The Journey To Work: An Intra-Metropolitan Analysis,READY-TO-UPLOAD/PUBLIC,/Users/dlev2617/Documents/Code/Agents/github-packages/READY-TO-UPLOAD/PUBLIC/paper-2018-09-network-structure-and-the-journey-to-work-an-intra-metropolitan-analysis,data/derived_mcd_analysis/MCDAnalysis_Charts__StataData.csv,,cblk_a,,numeric,184,68.21871 | 90.24098 | 18.20073 | 45.24768 | 24.90488,0.2136889,150.9032,csv,medium,"Headers inferred from first row. Delimiter `,`; sampled first 185 rows."
paper-2018-09,Network Structure And The Journey To Work: An Intra-Metropolitan Analysis,READY-TO-UPLOAD/PUBLIC,/Users/dlev2617/Documents/Code/Agents/github-packages/READY-TO-UPLOAD/PUBLIC/paper-2018-09-network-structure-and-the-journey-to-work-an-intra-metropolitan-analysis,data/derived_mcd_analysis/MCDAnalysis_Charts__StataData.csv,,avgcblka,,numeric,184,0.8745988 | 0.2074505 | 0.0514145 | 0.0979387 | 0.1399151,0.0064915,1.694073,csv,medium,"Headers inferred from first row. Delimiter `,`; sampled first 185 rows."
paper-2018-09,Network Structure And The Journey To Work: An Intra-Metropolitan Analysis,READY-TO-UPLOAD/PUBLIC,/Users/dlev2617/Documents/Code/Agents/github-packages/READY-TO-UPLOAD/PUBLIC/paper-2018-09-network-structure-and-the-journey-to-work-an-intra-metropolitan-analysis,data/derived_mcd_analysis/MCDAnalysis_Charts__StataData.csv,,p2a,,numeric,184,4.221597 | 8.865126 | 18.5885 | 12.90513 | 9.181007,2.843197,56.85964,csv,medium,"Headers inferred from first row. Delimiter `,`; sampled first 185 rows."
paper-2018-09,Network Structure And The Journey To Work: An Intra-Metropolitan Analysis,READY-TO-UPLOAD/PUBLIC,/Users/dlev2617/Documents/Code/Agents/github-packages/READY-TO-UPLOAD/PUBLIC/paper-2018-09-network-structure-and-the-journey-to-work-an-intra-metropolitan-analysis,data/derived_mcd_analysis/MCDAnalysis_Charts__StataData.csv,,accessibility_mp_pop,,numeric,184,29916.71 | 212477.3 | 774121.8 | 728754.9 | 348570.7,5517.475,2681295,csv,medium,"Headers inferred from first row. Delimiter `,`; sampled first 185 rows."
paper-2018-09,Network Structure And The Journey To Work: An Intra-Metropolitan Analysis,READY-TO-UPLOAD/PUBLIC,/Users/dlev2617/Documents/Code/Agents/github-packages/READY-TO-UPLOAD/PUBLIC/paper-2018-09-network-structure-and-the-journey-to-work-an-intra-metropolitan-analysis,data/derived_mcd_analysis/MCDAnalysis_Charts__StataData.csv,,accessibility_mp_labor,,numeric,184,15279.76 | 110266.3 | 386975.3 | 403794.9 | 168362.7,0,1470386,csv,medium,"Headers inferred from first row. Delimiter `,`; sampled first 185 rows."
paper-2018-09,Network Structure And The Journey To Work: An Intra-Metropolitan Analysis,READY-TO-UPLOAD/PUBLIC,/Users/dlev2617/Documents/Code/Agents/github-packages/READY-TO-UPLOAD/PUBLIC/paper-2018-09-network-structure-and-the-journey-to-work-an-intra-metropolitan-analysis,data/derived_mcd_analysis/MCDAnalysis_Charts__StataData.csv,,accessibility_mp_emp,,numeric,184,3530.151 | 26395.84 | 569456.6 | 188707.6 | 441708.3,0,2163702,csv,medium,"Headers inferred from first row. Delimiter `,`; sampled first 185 rows."
paper-2018-09,Network Structure And The Journey To Work: An Intra-Metropolitan Analysis,READY-TO-UPLOAD/PUBLIC,/Users/dlev2617/Documents/Code/Agents/github-packages/READY-TO-UPLOAD/PUBLIC/paper-2018-09-network-structure-and-the-journey-to-work-an-intra-metropolitan-analysis,data/derived_mcd_analysis/MCDAnalysis_Charts__StataData.csv,,pop_l1n1_p20,,numeric,146,635100000 | 7452000000 | 9354000000 | 25740000000 | 14650000000,2219983,530000000000,csv,medium,"Headers inferred from first row. Delimiter `,`; sampled first 185 rows."
paper-2018-09,Network Structure And The Journey To Work: An Intra-Metropolitan Analysis,READY-TO-UPLOAD/PUBLIC,/Users/dlev2617/Documents/Code/Agents/github-packages/READY-TO-UPLOAD/PUBLIC/paper-2018-09-network-structure-and-the-journey-to-work-an-intra-metropolitan-analysis,data/derived_mcd_analysis/MCDAnalysis_Charts__StataData.csv,,pop_l1n1_p30,,numeric,146,2217000000 | 20110000000 | 26120000000 | 75110000000 | 24490000000,32098554,956600000000,csv,medium,"Headers inferred from first row. Delimiter `,`; sampled first 185 rows."
paper-2018-09,Network Structure And The Journey To Work: An Intra-Metropolitan Analysis,READY-TO-UPLOAD/PUBLIC,/Users/dlev2617/Documents/Code/Agents/github-packages/READY-TO-UPLOAD/PUBLIC/paper-2018-09-network-structure-and-the-journey-to-work-an-intra-metropolitan-analysis,data/derived_mcd_analysis/MCDAnalysis_Charts__StataData.csv,,lab_l1n1_l20,,numeric,146,195200000 | 2647000000 | 3473000000 | 10350000000 | 4211000000,681245,159700000000,csv,medium,"Headers inferred from first row. Delimiter `,`; sampled first 185 rows."
paper-2018-09,Network Structure And The Journey To Work: An Intra-Metropolitan Analysis,READY-TO-UPLOAD/PUBLIC,/Users/dlev2617/Documents/Code/Agents/github-packages/READY-TO-UPLOAD/PUBLIC/paper-2018-09-network-structure-and-the-journey-to-work-an-intra-metropolitan-analysis,data/derived_mcd_analysis/MCDAnalysis_Charts__StataData.csv,,lab_l1n1_l30,,numeric,146,682300000 | 7453000000 | 9228000000 | 26010000000 | 6972000000,10180076,278500000000,csv,medium,"Headers inferred from first row. Delimiter `,`; sampled first 185 rows."
paper-2018-09,Network Structure And The Journey To Work: An Intra-Metropolitan Analysis,READY-TO-UPLOAD/PUBLIC,/Users/dlev2617/Documents/Code/Agents/github-packages/READY-TO-UPLOAD/PUBLIC/paper-2018-09-network-structure-and-the-journey-to-work-an-intra-metropolitan-analysis,data/derived_mcd_analysis/MCDAnalysis_Charts__StataData.csv,,emp_l1n1_j20,,numeric,146,42144621 | 316700000 | 2888000000 | 4001000000 | 11830000000,25025,387100000000,csv,medium,"Headers inferred from first row. Delimiter `,`; sampled first 185 rows."
paper-2018-09,Network Structure And The Journey To Work: An Intra-Metropolitan Analysis,READY-TO-UPLOAD/PUBLIC,/Users/dlev2617/Documents/Code/Agents/github-packages/READY-TO-UPLOAD/PUBLIC/paper-2018-09-network-structure-and-the-journey-to-work-an-intra-metropolitan-analysis,data/derived_mcd_analysis/MCDAnalysis_Charts__StataData.csv,,emp_l1n1_j30,,numeric,146,179000000 | 1430000000 | 12900000000 | 13900000000 | 20500000000,1173550,517000000000,csv,medium,"Headers inferred from first row. Delimiter `,`; sampled first 185 rows."
paper-2018-09,Network Structure And The Journey To Work: An Intra-Metropolitan Analysis,READY-TO-UPLOAD/PUBLIC,/Users/dlev2617/Documents/Code/Agents/github-packages/READY-TO-UPLOAD/PUBLIC/paper-2018-09-network-structure-and-the-journey-to-work-an-intra-metropolitan-analysis,data/derived_mcd_analysis/MCDAnalysis_Charts__StataData.csv,,pwa_l1n1_p20,,numeric,146,223695 | 326872 | 452257 | 565375 | 1401343,6049,1401343,csv,medium,"Headers inferred from first row. Delimiter `,`; sampled first 185 rows."
paper-2018-09,Network Structure And The Journey To Work: An Intra-Metropolitan Analysis,READY-TO-UPLOAD/PUBLIC,/Users/dlev2617/Documents/Code/Agents/github-packages/READY-TO-UPLOAD/PUBLIC/paper-2018-09-network-structure-and-the-journey-to-work-an-intra-metropolitan-analysis,data/derived_mcd_analysis/MCDAnalysis_Charts__StataData.csv,,pwa_l1n1_p30,,numeric,146,780876 | 881994 | 1262973 | 1649703 | 2342739,79538,2505275,csv,medium,"Headers inferred from first row. Delimiter `,`; sampled first 185 rows."
paper-2018-09,Network Structure And The Journey To Work: An Intra-Metropolitan Analysis,READY-TO-UPLOAD/PUBLIC,/Users/dlev2617/Documents/Code/Agents/github-packages/READY-TO-UPLOAD/PUBLIC/paper-2018-09-network-structure-and-the-journey-to-work-an-intra-metropolitan-analysis,data/derived_mcd_analysis/MCDAnalysis_Charts__StataData.csv,,pwa_l1n1_l20,,numeric,146,128147 | 216746 | 320366 | 394766 | 777700,3346,786971,csv,medium,"Headers inferred from first row. Delimiter `,`; sampled first 185 rows."
paper-2018-09,Network Structure And The Journey To Work: An Intra-Metropolitan Analysis,READY-TO-UPLOAD/PUBLIC,/Users/dlev2617/Documents/Code/Agents/github-packages/READY-TO-UPLOAD/PUBLIC/paper-2018-09-network-structure-and-the-journey-to-work-an-intra-metropolitan-analysis,data/derived_mcd_analysis/MCDAnalysis_Charts__StataData.csv,,pwa_l1n1_l30,,numeric,146,447891 | 610312 | 851095 | 991791 | 1287451,43899,1367083,csv,medium,"Headers inferred from first row. Delimiter `,`; sampled first 185 rows."
paper-2018-09,Network Structure And The Journey To Work: An Intra-Metropolitan Analysis,READY-TO-UPLOAD/PUBLIC,/Users/dlev2617/Documents/Code/Agents/github-packages/READY-TO-UPLOAD/PUBLIC/paper-2018-09-network-structure-and-the-journey-to-work-an-intra-metropolitan-analysis,data/derived_mcd_analysis/MCDAnalysis_Charts__StataData.csv,,pwa_l1n1_j20,,numeric,146,120070 | 120610 | 192332 | 330510 | 905557,715,1259700,csv,medium,"Headers inferred from first row. Delimiter `,`; sampled first 185 rows."
paper-2018-09,Network Structure And The Journey To Work: An Intra-Metropolitan Analysis,READY-TO-UPLOAD/PUBLIC,/Users/dlev2617/Documents/Code/Agents/github-packages/READY-TO-UPLOAD/PUBLIC/paper-2018-09-network-structure-and-the-journey-to-work-an-intra-metropolitan-analysis,data/derived_mcd_analysis/MCDAnalysis_Charts__StataData.csv,,pwa_l1n1_j30,,numeric,146,508971 | 545456 | 858725 | 1150271 | 1565794,24743,1682888,csv,medium,"Headers inferred from first row. Delimiter `,`; sampled first 185 rows."
paper-2018-09,Network Structure And The Journey To Work: An Intra-Metropolitan Analysis,READY-TO-UPLOAD/PUBLIC,/Users/dlev2617/Documents/Code/Agents/github-packages/READY-TO-UPLOAD/PUBLIC/paper-2018-09-network-structure-and-the-journey-to-work-an-intra-metropolitan-analysis,data/derived_mcd_analysis/MCDAnalysis_Charts__StataData.csv,,_merge,,numeric,184,3 | 1,1,3,csv,medium,"Headers inferred from first row. Delimiter `,`; sampled first 185 rows."
paper-2018-09,Network Structure And The Journey To Work: An Intra-Metropolitan Analysis,READY-TO-UPLOAD/PUBLIC,/Users/dlev2617/Documents/Code/Agents/github-packages/READY-TO-UPLOAD/PUBLIC/paper-2018-09-network-structure-and-the-journey-to-work-an-intra-metropolitan-analysis,data/derived_mcd_analysis/MCDAnalysis_Charts__StataData.csv,,dtwnmplstaz,,numeric,184,402,402,402,csv,medium,"Headers inferred from first row. Delimiter `,`; sampled first 185 rows."
paper-2018-09,Network Structure And The Journey To Work: An Intra-Metropolitan Analysis,READY-TO-UPLOAD/PUBLIC,/Users/dlev2617/Documents/Code/Agents/github-packages/READY-TO-UPLOAD/PUBLIC/paper-2018-09-network-structure-and-the-journey-to-work-an-intra-metropolitan-analysis,data/derived_mcd_analysis/MCDAnalysis_Charts__StataData.csv,,mplsxcoord,,numeric,184,478480,478480,478480,csv,medium,"Headers inferred from first row. Delimiter `,`; sampled first 185 rows."
paper-2018-09,Network Structure And The Journey To Work: An Intra-Metropolitan Analysis,READY-TO-UPLOAD/PUBLIC,/Users/dlev2617/Documents/Code/Agents/github-packages/READY-TO-UPLOAD/PUBLIC/paper-2018-09-network-structure-and-the-journey-to-work-an-intra-metropolitan-analysis,data/derived_mcd_analysis/MCDAnalysis_Charts__StataData.csv,,mplsycoord,,numeric,184,4980091,4980091,4980091,csv,medium,"Headers inferred from first row. Delimiter `,`; sampled first 185 rows."
paper-2018-09,Network Structure And The Journey To Work: An Intra-Metropolitan Analysis,READY-TO-UPLOAD/PUBLIC,/Users/dlev2617/Documents/Code/Agents/github-packages/READY-TO-UPLOAD/PUBLIC/paper-2018-09-network-structure-and-the-journey-to-work-an-intra-metropolitan-analysis,data/derived_mcd_analysis/MCDAnalysis_Charts__StataData.csv,,dtwnsplstaz,,numeric,184,816,816,816,csv,medium,"Headers inferred from first row. Delimiter `,`; sampled first 185 rows."
paper-2018-09,Network Structure And The Journey To Work: An Intra-Metropolitan Analysis,READY-TO-UPLOAD/PUBLIC,/Users/dlev2617/Documents/Code/Agents/github-packages/READY-TO-UPLOAD/PUBLIC/paper-2018-09-network-structure-and-the-journey-to-work-an-intra-metropolitan-analysis,data/derived_mcd_analysis/MCDAnalysis_Charts__StataData.csv,,splxcoord,,numeric,184,492625,492625,492625,csv,medium,"Headers inferred from first row. Delimiter `,`; sampled first 185 rows."
paper-2018-09,Network Structure And The Journey To Work: An Intra-Metropolitan Analysis,READY-TO-UPLOAD/PUBLIC,/Users/dlev2617/Documents/Code/Agents/github-packages/READY-TO-UPLOAD/PUBLIC/paper-2018-09-network-structure-and-the-journey-to-work-an-intra-metropolitan-analysis,data/derived_mcd_analysis/MCDAnalysis_Charts__StataData.csv,,splycoord,,numeric,184,4977029,4977029,4977029,csv,medium,"Headers inferred from first row. Delimiter `,`; sampled first 185 rows."
paper-2018-09,Network Structure And The Journey To Work: An Intra-Metropolitan Analysis,READY-TO-UPLOAD/PUBLIC,/Users/dlev2617/Documents/Code/Agents/github-packages/READY-TO-UPLOAD/PUBLIC/paper-2018-09-network-structure-and-the-journey-to-work-an-intra-metropolitan-analysis,data/derived_mcd_analysis/MCDAnalysis_Charts__StataData.csv,,dtwnmplsdist,,numeric,184,36761.07 | 31734.57 | 27775.02 | 26001.79 | 13738.82,1339.134,62435.59,csv,medium,"Headers inferred from first row. Delimiter `,`; sampled first 185 rows."
paper-2018-09,Network Structure And The Journey To Work: An Intra-Metropolitan Analysis,READY-TO-UPLOAD/PUBLIC,/Users/dlev2617/Documents/Code/Agents/github-packages/READY-TO-UPLOAD/PUBLIC/paper-2018-09-network-structure-and-the-journey-to-work-an-intra-metropolitan-analysis,data/derived_mcd_analysis/MCDAnalysis_Charts__StataData.csv,,dtwnspldist,,numeric,184,22288.45 | 39053.27 | 37393.3 | 23880.52 | 15101.09,846.8699,72840.14,csv,medium,"Headers inferred from first row. Delimiter `,`; sampled first 185 rows."
paper-2018-09,Network Structure And The Journey To Work: An Intra-Metropolitan Analysis,READY-TO-UPLOAD/PUBLIC,/Users/dlev2617/Documents/Code/Agents/github-packages/READY-TO-UPLOAD/PUBLIC/paper-2018-09-network-structure-and-the-journey-to-work-an-intra-metropolitan-analysis,data/derived_mcd_analysis/MCDAnalysis_Charts__StataData.csv,,dtwnmplsdist_km,,numeric,184,36.76107 | 31.73457 | 27.77502 | 26.00179 | 13.73882,1.339134,62.43559,csv,medium,"Headers inferred from first row. Delimiter `,`; sampled first 185 rows."
paper-2018-09,Network Structure And The Journey To Work: An Intra-Metropolitan Analysis,READY-TO-UPLOAD/PUBLIC,/Users/dlev2617/Documents/Code/Agents/github-packages/READY-TO-UPLOAD/PUBLIC/paper-2018-09-network-structure-and-the-journey-to-work-an-intra-metropolitan-analysis,data/derived_mcd_analysis/MCDAnalysis_Charts__StataData.csv,,dtwnspldist_km,,numeric,184,22.28844 | 39.05327 | 37.3933 | 23.88052 | 15.10109,0.8468699,72.84014,csv,medium,"Headers inferred from first row. Delimiter `,`; sampled first 185 rows."
paper-2018-09,Network Structure And The Journey To Work: An Intra-Metropolitan Analysis,READY-TO-UPLOAD/PUBLIC,/Users/dlev2617/Documents/Code/Agents/github-packages/READY-TO-UPLOAD/PUBLIC/paper-2018-09-network-structure-and-the-journey-to-work-an-intra-metropolitan-analysis,data/derived_mcd_analysis/MCDAnalysis_Charts__StataData.csv,,theta (dvkt/simpnodes),,text,184,=(BF2*D2)/N2 | =(BF3*D3)/N3 | =(BF4*D4)/N4 | =(BF5*D5)/N5 | =(BF6*D6)/N6,,,csv,medium,"Headers inferred from first row. Delimiter `,`; sampled first 185 rows."
paper-2018-09,Network Structure And The Journey To Work: An Intra-Metropolitan Analysis,READY-TO-UPLOAD/PUBLIC,/Users/dlev2617/Documents/Code/Agents/github-packages/READY-TO-UPLOAD/PUBLIC/paper-2018-09-network-structure-and-the-journey-to-work-an-intra-metropolitan-analysis,data/derived_mcd_analysis/MCD_Results_July2012.xlsx,Results,column_1,,empty,0,,,,xlsx,medium,Some headers were missing; generated column_N names. Sampled first 22 non-empty rows from worksheet.
paper-2018-09,Network Structure And The Journey To Work: An Intra-Metropolitan Analysis,READY-TO-UPLOAD/PUBLIC,/Users/dlev2617/Documents/Code/Agents/github-packages/READY-TO-UPLOAD/PUBLIC/paper-2018-09-network-structure-and-the-journey-to-work-an-intra-metropolitan-analysis,data/derived_mcd_analysis/MCD_Results_July2012.xlsx,Results,column_2,,text,9,pwa_l1ni_j~1 | pwa_emp_t_~1 | medhhinc_2~1 | area_km2 | ent_len,,,xlsx,medium,Some headers were missing; generated column_N names. Sampled first 22 non-empty rows from worksheet.
paper-2018-09,Network Structure And The Journey To Work: An Intra-Metropolitan Analysis,READY-TO-UPLOAD/PUBLIC,/Users/dlev2617/Documents/Code/Agents/github-packages/READY-TO-UPLOAD/PUBLIC/paper-2018-09-network-structure-and-the-journey-to-work-an-intra-metropolitan-analysis,data/derived_mcd_analysis/MCD_Results_July2012.xlsx,Results,column_3,,text,20,"INDEPENDENT VARIABLES | PW auto access to jobs, 30 mins | PW transit access to jobs, 30 mins | Median HH income | MCD size (km2)",,,xlsx,medium,Some headers were missing; generated column_N names. Sampled first 22 non-empty rows from worksheet.
paper-2018-09,Network Structure And The Journey To Work: An Intra-Metropolitan Analysis,READY-TO-UPLOAD/PUBLIC,/Users/dlev2617/Documents/Code/Agents/github-packages/READY-TO-UPLOAD/PUBLIC/paper-2018-09-network-structure-and-the-journey-to-work-an-intra-metropolitan-analysis,data/derived_mcd_analysis/MCD_Results_July2012.xlsx,Results,"Average TT to Work, 2010",,mixed_numeric_text,12,LINEAR MODEL | Coef. | -4.064 | -2.442 | 0.159,,,xlsx,medium,Some headers were missing; generated column_N names. Sampled first 22 non-empty rows from worksheet.
paper-2018-09,Network Structure And The Journey To Work: An Intra-Metropolitan Analysis,READY-TO-UPLOAD/PUBLIC,/Users/dlev2617/Documents/Code/Agents/github-packages/READY-TO-UPLOAD/PUBLIC/paper-2018-09-network-structure-and-the-journey-to-work-an-intra-metropolitan-analysis,data/derived_mcd_analysis/MCD_Results_July2012.xlsx,Results,column_5,,mixed_numeric_text,8,t | -7.325 | -1.218 | 0.019 | 3.949,,,xlsx,medium,Some headers were missing; generated column_N names. Sampled first 22 non-empty rows from worksheet.
paper-2018-09,Network Structure And The Journey To Work: An Intra-Metropolitan Analysis,READY-TO-UPLOAD/PUBLIC,/Users/dlev2617/Documents/Code/Agents/github-packages/READY-TO-UPLOAD/PUBLIC/paper-2018-09-network-structure-and-the-journey-to-work-an-intra-metropolitan-analysis,data/derived_mcd_analysis/MCD_Results_July2012.xlsx,Results,column_6,,text,6,Sig | *** | *,,,xlsx,medium,Some headers were missing; generated column_N names. Sampled first 22 non-empty rows from worksheet.
paper-2018-09,Network Structure And The Journey To Work: An Intra-Metropolitan Analysis,READY-TO-UPLOAD/PUBLIC,/Users/dlev2617/Documents/Code/Agents/github-packages/READY-TO-UPLOAD/PUBLIC/paper-2018-09-network-structure-and-the-journey-to-work-an-intra-metropolitan-analysis,data/derived_mcd_analysis/MCD_Results_July2012.xlsx,Results,"LN(Average Travel Time to Work, 2010)",,mixed_numeric_text,12,LOG MODEL | Coef. | -0.147 | -0.012 | -0.062,,,xlsx,medium,Some headers were missing; generated column_N names. Sampled first 22 non-empty rows from worksheet.
paper-2018-09,Network Structure And The Journey To Work: An Intra-Metropolitan Analysis,READY-TO-UPLOAD/PUBLIC,/Users/dlev2617/Documents/Code/Agents/github-packages/READY-TO-UPLOAD/PUBLIC/paper-2018-09-network-structure-and-the-journey-to-work-an-intra-metropolitan-analysis,data/derived_mcd_analysis/MCD_Results_July2012.xlsx,Results,column_8,,mixed_numeric_text,8,t-stats | -4.664 | -2.008 | -2.127 | 5.253,,,xlsx,medium,Some headers were missing; generated column_N names. Sampled first 22 non-empty rows from worksheet.
paper-2018-09,Network Structure And The Journey To Work: An Intra-Metropolitan Analysis,READY-TO-UPLOAD/PUBLIC,/Users/dlev2617/Documents/Code/Agents/github-packages/READY-TO-UPLOAD/PUBLIC/paper-2018-09-network-structure-and-the-journey-to-work-an-intra-metropolitan-analysis,data/derived_mcd_analysis/MCD_Results_July2012.xlsx,Results,column_9,,text,7,*** | ** | *,,,xlsx,medium,Some headers were missing; generated column_N names. Sampled first 22 non-empty rows from worksheet.
paper-2018-09,Network Structure And The Journey To Work: An Intra-Metropolitan Analysis,READY-TO-UPLOAD/PUBLIC,/Users/dlev2617/Documents/Code/Agents/github-packages/READY-TO-UPLOAD/PUBLIC/paper-2018-09-network-structure-and-the-journey-to-work-an-intra-metropolitan-analysis,data/derived_mcd_analysis/MCD_Results_July2012.xlsx,Results,"Average TT to Work, 2010_2",,mixed_numeric_text,12,FACTOR MODEL | Coef. | -0.452 | 0.041 | 0.184,,,xlsx,medium,Some headers were missing; generated column_N names. Sampled first 22 non-empty rows from worksheet.
paper-2018-09,Network Structure And The Journey To Work: An Intra-Metropolitan Analysis,READY-TO-UPLOAD/PUBLIC,/Users/dlev2617/Documents/Code/Agents/github-packages/READY-TO-UPLOAD/PUBLIC/paper-2018-09-network-structure-and-the-journey-to-work-an-intra-metropolitan-analysis,data/derived_mcd_analysis/MCD_Results_July2012.xlsx,Results,column_11,,mixed_numeric_text,8,t-stats | -0.04 | 5.531 | 0.545 | -2.966,,,xlsx,medium,Some headers were missing; generated column_N names. Sampled first 22 non-empty rows from worksheet.
paper-2018-09,Network Structure And The Journey To Work: An Intra-Metropolitan Analysis,READY-TO-UPLOAD/PUBLIC,/Users/dlev2617/Documents/Code/Agents/github-packages/READY-TO-UPLOAD/PUBLIC/paper-2018-09-network-structure-and-the-journey-to-work-an-intra-metropolitan-analysis,data/derived_mcd_analysis/MCD_Results_July2012.xlsx,Results,column_12,,text,6,Sig | *** | *,,,xlsx,medium,Some headers were missing; generated column_N names. Sampled first 22 non-empty rows from worksheet.
paper-2018-09,Network Structure And The Journey To Work: An Intra-Metropolitan Analysis,READY-TO-UPLOAD/PUBLIC,/Users/dlev2617/Documents/Code/Agents/github-packages/READY-TO-UPLOAD/PUBLIC/paper-2018-09-network-structure-and-the-journey-to-work-an-intra-metropolitan-analysis,data/derived_mcd_analysis/MCD_Results_July2012.xlsx,Results,column_13,,empty,0,,,,xlsx,medium,Some headers were missing; generated column_N names. Sampled first 22 non-empty rows from worksheet.
paper-2018-09,Network Structure And The Journey To Work: An Intra-Metropolitan Analysis,READY-TO-UPLOAD/PUBLIC,/Users/dlev2617/Documents/Code/Agents/github-packages/READY-TO-UPLOAD/PUBLIC/paper-2018-09-network-structure-and-the-journey-to-work-an-intra-metropolitan-analysis,data/derived_mcd_analysis/MCD_Results_July2012.xlsx,Sheet1,column_1,,empty,0,,,,xlsx,medium,Some headers were missing; generated column_N names. Sampled first 31 non-empty rows from worksheet.
paper-2018-09,Network Structure And The Journey To Work: An Intra-Metropolitan Analysis,READY-TO-UPLOAD/PUBLIC,/Users/dlev2617/Documents/Code/Agents/github-packages/READY-TO-UPLOAD/PUBLIC/paper-2018-09-network-structure-and-the-journey-to-work-an-intra-metropolitan-analysis,data/derived_mcd_analysis/MCD_Results_July2012.xlsx,Sheet1,column_2,,text,15,pwa_l1ni_j~1 | pwa_emp_t_~1 | medhhinc_2~1 | area_km2 | ent_len,,,xlsx,medium,Some headers were missing; generated column_N names. Sampled first 31 non-empty rows from worksheet.
paper-2018-09,Network Structure And The Journey To Work: An Intra-Metropolitan Analysis,READY-TO-UPLOAD/PUBLIC,/Users/dlev2617/Documents/Code/Agents/github-packages/READY-TO-UPLOAD/PUBLIC/paper-2018-09-network-structure-and-the-journey-to-work-an-intra-metropolitan-analysis,data/derived_mcd_analysis/MCD_Results_July2012.xlsx,Sheet1,column_3,,text,29,"INDEPENDENT VARIABLES | PW auto access to jobs, 30 mins | PW transit access to jobs, 30 mins | Median HH income | MCD size (km2)",,,xlsx,medium,Some headers were missing; generated column_N names. Sampled first 31 non-empty rows from worksheet.
paper-2018-09,Network Structure And The Journey To Work: An Intra-Metropolitan Analysis,READY-TO-UPLOAD/PUBLIC,/Users/dlev2617/Documents/Code/Agents/github-packages/READY-TO-UPLOAD/PUBLIC/paper-2018-09-network-structure-and-the-journey-to-work-an-intra-metropolitan-analysis,data/derived_mcd_analysis/MCD_Results_July2012.xlsx,Sheet1,"Avg TT to Work, 2010",,mixed_numeric_text,13,LINEAR MODEL | Coef. | -4.535 | -1.431 | 5.102,,,xlsx,medium,Some headers were missing; generated column_N names. Sampled first 31 non-empty rows from worksheet.
paper-2018-09,Network Structure And The Journey To Work: An Intra-Metropolitan Analysis,READY-TO-UPLOAD/PUBLIC,/Users/dlev2617/Documents/Code/Agents/github-packages/READY-TO-UPLOAD/PUBLIC/paper-2018-09-network-structure-and-the-journey-to-work-an-intra-metropolitan-analysis,data/derived_mcd_analysis/MCD_Results_July2012.xlsx,Sheet1,column_5,,text,7,Sig | *** | ** | *,,,xlsx,medium,Some headers were missing; generated column_N names. Sampled first 31 non-empty rows from worksheet.
paper-2018-09,Network Structure And The Journey To Work: An Intra-Metropolitan Analysis,READY-TO-UPLOAD/PUBLIC,/Users/dlev2617/Documents/Code/Agents/github-packages/READY-TO-UPLOAD/PUBLIC/paper-2018-09-network-structure-and-the-journey-to-work-an-intra-metropolitan-analysis,data/derived_mcd_analysis/MCD_Results_July2012.xlsx,Sheet1,column_6,,mixed_numeric_text,9,t-stats | -7.92 | -0.749 | 0.565 | 2.44,,,xlsx,medium,Some headers were missing; generated column_N names. Sampled first 31 non-empty rows from worksheet.
paper-2018-09,Network Structure And The Journey To Work: An Intra-Metropolitan Analysis,READY-TO-UPLOAD/PUBLIC,/Users/dlev2617/Documents/Code/Agents/github-packages/READY-TO-UPLOAD/PUBLIC/paper-2018-09-network-structure-and-the-journey-to-work-an-intra-metropolitan-analysis,data/derived_mcd_analysis/MCD_Results_July2012.xlsx,Sheet1,column_7,,mixed_numeric_text,8,Beta | -0.653 | -0.03 | 0.031 | 0.166,,,xlsx,medium,Some headers were missing; generated column_N names. Sampled first 31 non-empty rows from worksheet.
paper-2018-09,Network Structure And The Journey To Work: An Intra-Metropolitan Analysis,READY-TO-UPLOAD/PUBLIC,/Users/dlev2617/Documents/Code/Agents/github-packages/READY-TO-UPLOAD/PUBLIC/paper-2018-09-network-structure-and-the-journey-to-work-an-intra-metropolitan-analysis,data/derived_mcd_analysis/MCD_Results_July2012.xlsx,Sheet1,"LN(Average Travel Time to Work, 2010)",,mixed_numeric_text,13,LOG LINEAR MODEL | Coef. | -0.175 | -0.078 | 0.308,,,xlsx,medium,Some headers were missing; generated column_N names. Sampled first 31 non-empty rows from worksheet.
paper-2018-09,Network Structure And The Journey To Work: An Intra-Metropolitan Analysis,READY-TO-UPLOAD/PUBLIC,/Users/dlev2617/Documents/Code/Agents/github-packages/READY-TO-UPLOAD/PUBLIC/paper-2018-09-network-structure-and-the-journey-to-work-an-intra-metropolitan-analysis,data/derived_mcd_analysis/MCD_Results_July2012.xlsx,Sheet1,column_9,,text,7,Sig | *** | **,,,xlsx,medium,Some headers were missing; generated column_N names. Sampled first 31 non-empty rows from worksheet.
paper-2018-09,Network Structure And The Journey To Work: An Intra-Metropolitan Analysis,READY-TO-UPLOAD/PUBLIC,/Users/dlev2617/Documents/Code/Agents/github-packages/READY-TO-UPLOAD/PUBLIC/paper-2018-09-network-structure-and-the-journey-to-work-an-intra-metropolitan-analysis,data/derived_mcd_analysis/MCD_Results_July2012.xlsx,Sheet1,column_10,,mixed_numeric_text,9,t-stats | -8.214 | -0.961 | 0.877 | 2.528,,,xlsx,medium,Some headers were missing; generated column_N names. Sampled first 31 non-empty rows from worksheet.
paper-2018-09,Network Structure And The Journey To Work: An Intra-Metropolitan Analysis,READY-TO-UPLOAD/PUBLIC,/Users/dlev2617/Documents/Code/Agents/github-packages/READY-TO-UPLOAD/PUBLIC/paper-2018-09-network-structure-and-the-journey-to-work-an-intra-metropolitan-analysis,data/derived_mcd_analysis/MCD_Results_July2012.xlsx,Sheet1,column_11,,mixed_numeric_text,8,Beta | -0.653 | -0.042 | 0.048 | 0.165,,,xlsx,medium,Some headers were missing; generated column_N names. Sampled first 31 non-empty rows from worksheet.
paper-2018-09,Network Structure And The Journey To Work: An Intra-Metropolitan Analysis,READY-TO-UPLOAD/PUBLIC,/Users/dlev2617/Documents/Code/Agents/github-packages/READY-TO-UPLOAD/PUBLIC/paper-2018-09-network-structure-and-the-journey-to-work-an-intra-metropolitan-analysis,data/derived_mcd_analysis/MCD_Results_July2012.xlsx,Sheet1,column_12,,mixed_numeric_text,16,FACTOR ANALYSIS BY CATEGORY* | Coef. | -0.192 | -0.077 | 0.769,,,xlsx,medium,Some headers were missing; generated column_N names. Sampled first 31 non-empty rows from worksheet.
paper-2018-09,Network Structure And The Journey To Work: An Intra-Metropolitan Analysis,READY-TO-UPLOAD/PUBLIC,/Users/dlev2617/Documents/Code/Agents/github-packages/READY-TO-UPLOAD/PUBLIC/paper-2018-09-network-structure-and-the-journey-to-work-an-intra-metropolitan-analysis,data/derived_mcd_analysis/MCD_Results_July2012.xlsx,Sheet1,column_13,,text,8,Sig | *** | * | **,,,xlsx,medium,Some headers were missing; generated column_N names. Sampled first 31 non-empty rows from worksheet.
paper-2018-09,Network Structure And The Journey To Work: An Intra-Metropolitan Analysis,READY-TO-UPLOAD/PUBLIC,/Users/dlev2617/Documents/Code/Agents/github-packages/READY-TO-UPLOAD/PUBLIC/paper-2018-09-network-structure-and-the-journey-to-work-an-intra-metropolitan-analysis,data/derived_mcd_analysis/MCD_Results_July2012.xlsx,Sheet1,column_14,,mixed_numeric_text,10,t-stats | -6.823 | -0.907 | 1.96 | 3.228,,,xlsx,medium,Some headers were missing; generated column_N names. Sampled first 31 non-empty rows from worksheet.
paper-2018-09,Network Structure And The Journey To Work: An Intra-Metropolitan Analysis,READY-TO-UPLOAD/PUBLIC,/Users/dlev2617/Documents/Code/Agents/github-packages/READY-TO-UPLOAD/PUBLIC/paper-2018-09-network-structure-and-the-journey-to-work-an-intra-metropolitan-analysis,data/derived_mcd_analysis/MCD_Results_July2012.xlsx,Sheet1,column_15,,mixed_numeric_text,9,Beta | -0.714 | -0.041 | 0.121 | 0.209,,,xlsx,medium,Some headers were missing; generated column_N names. Sampled first 31 non-empty rows from worksheet.
paper-2018-09,Network Structure And The Journey To Work: An Intra-Metropolitan Analysis,READY-TO-UPLOAD/PUBLIC,/Users/dlev2617/Documents/Code/Agents/github-packages/READY-TO-UPLOAD/PUBLIC/paper-2018-09-network-structure-and-the-journey-to-work-an-intra-metropolitan-analysis,data/derived_mcd_analysis/MCD_Results_July2012.xlsx,Sheet1,column_16,,mixed_numeric_text,14,FACTOR ANALYSIS WO CATEGORY ** | Coef. | -0.215 | -0.099 | 0.947,,,xlsx,medium,Some headers were missing; generated column_N names. Sampled first 31 non-empty rows from worksheet.
paper-2018-09,Network Structure And The Journey To Work: An Intra-Metropolitan Analysis,READY-TO-UPLOAD/PUBLIC,/Users/dlev2617/Documents/Code/Agents/github-packages/READY-TO-UPLOAD/PUBLIC/paper-2018-09-network-structure-and-the-journey-to-work-an-intra-metropolitan-analysis,data/derived_mcd_analysis/MCD_Results_July2012.xlsx,Sheet1,column_17,,text,7,Sig | *** | ** | *,,,xlsx,medium,Some headers were missing; generated column_N names. Sampled first 31 non-empty rows from worksheet.
paper-2018-09,Network Structure And The Journey To Work: An Intra-Metropolitan Analysis,READY-TO-UPLOAD/PUBLIC,/Users/dlev2617/Documents/Code/Agents/github-packages/READY-TO-UPLOAD/PUBLIC/paper-2018-09-network-structure-and-the-journey-to-work-an-intra-metropolitan-analysis,data/derived_mcd_analysis/MCD_Results_July2012.xlsx,Sheet1,column_18,,mixed_numeric_text,10,t-stats | -7.437 | -1.081 | 2.435 | 3.945,,,xlsx,medium,Some headers were missing; generated column_N names. Sampled first 31 non-empty rows from worksheet.
paper-2018-09,Network Structure And The Journey To Work: An Intra-Metropolitan Analysis,READY-TO-UPLOAD/PUBLIC,/Users/dlev2617/Documents/Code/Agents/github-packages/READY-TO-UPLOAD/PUBLIC/paper-2018-09-network-structure-and-the-journey-to-work-an-intra-metropolitan-analysis,data/derived_mcd_analysis/MCD_Results_July2012.xlsx,Sheet1,column_19,,mixed_numeric_text,9,Beta | -0.801 | -0.053 | 0.149 | 0.264,,,xlsx,medium,Some headers were missing; generated column_N names. Sampled first 31 non-empty rows from worksheet.
paper-2018-09,Network Structure And The Journey To Work: An Intra-Metropolitan Analysis,READY-TO-UPLOAD/PUBLIC,/Users/dlev2617/Documents/Code/Agents/github-packages/READY-TO-UPLOAD/PUBLIC/paper-2018-09-network-structure-and-the-journey-to-work-an-intra-metropolitan-analysis,data/derived_mcd_analysis/MCD_Results_July2012.xlsx,Sheet1,column_20,,mixed_numeric_text,13,LOG MODEL | Coef. | -0.152 | -0.012 | -0.06,,,xlsx,medium,Some headers were missing; generated column_N names. Sampled first 31 non-empty rows from worksheet.
paper-2018-09,Network Structure And The Journey To Work: An Intra-Metropolitan Analysis,READY-TO-UPLOAD/PUBLIC,/Users/dlev2617/Documents/Code/Agents/github-packages/READY-TO-UPLOAD/PUBLIC/paper-2018-09-network-structure-and-the-journey-to-work-an-intra-metropolitan-analysis,data/derived_mcd_analysis/MCD_Results_July2012.xlsx,Sheet1,column_21,,text,8,Sig | *** | ** | *,,,xlsx,medium,Some headers were missing; generated column_N names. Sampled first 31 non-empty rows from worksheet.
paper-2018-09,Network Structure And The Journey To Work: An Intra-Metropolitan Analysis,READY-TO-UPLOAD/PUBLIC,/Users/dlev2617/Documents/Code/Agents/github-packages/READY-TO-UPLOAD/PUBLIC/paper-2018-09-network-structure-and-the-journey-to-work-an-intra-metropolitan-analysis,data/derived_mcd_analysis/MCD_Results_July2012.xlsx,Sheet1,column_22,,mixed_numeric_text,9,t-stats | -4.229 | -1.997 | -1.931 | 1.734,,,xlsx,medium,Some headers were missing; generated column_N names. Sampled first 31 non-empty rows from worksheet.
paper-2018-09,Network Structure And The Journey To Work: An Intra-Metropolitan Analysis,READY-TO-UPLOAD/PUBLIC,/Users/dlev2617/Documents/Code/Agents/github-packages/READY-TO-UPLOAD/PUBLIC/paper-2018-09-network-structure-and-the-journey-to-work-an-intra-metropolitan-analysis,data/derived_mcd_analysis/MCD_Results_July2012.xlsx,Sheet1,column_23,,mixed_numeric_text,8,Beta | -0.514 | -0.187 | -0.17 | 0.301,,,xlsx,medium,Some headers were missing; generated column_N names. Sampled first 31 non-empty rows from worksheet.
paper-2018-09,Network Structure And The Journey To Work: An Intra-Metropolitan Analysis,READY-TO-UPLOAD/PUBLIC,/Users/dlev2617/Documents/Code/Agents/github-packages/READY-TO-UPLOAD/PUBLIC/paper-2018-09-network-structure-and-the-journey-to-work-an-intra-metropolitan-analysis,data/derived_mcd_analysis/MCD_Results_July2012.xlsx,FACTORLOADINGS,FACTOR LOADINGS,,text,26,Variable | ent_len | ptagefwy | alpha | branchness,,,xlsx,medium,Some headers were missing; generated column_N names. Sampled first 27 non-empty rows from worksheet.
paper-2018-09,Network Structure And The Journey To Work: An Intra-Metropolitan Analysis,READY-TO-UPLOAD/PUBLIC,/Users/dlev2617/Documents/Code/Agents/github-packages/READY-TO-UPLOAD/PUBLIC/paper-2018-09-network-structure-and-the-journey-to-work-an-intra-metropolitan-analysis,data/derived_mcd_analysis/MCD_Results_July2012.xlsx,FACTORLOADINGS,column_2,,mixed_numeric_text,15,Factor1 | -0.7712 | 0.6453 | 0.8516 | -0.4143,,,xlsx,medium,Some headers were missing; generated column_N names. Sampled first 27 non-empty rows from worksheet.
paper-2018-09,Network Structure And The Journey To Work: An Intra-Metropolitan Analysis,READY-TO-UPLOAD/PUBLIC,/Users/dlev2617/Documents/Code/Agents/github-packages/READY-TO-UPLOAD/PUBLIC/paper-2018-09-network-structure-and-the-journey-to-work-an-intra-metropolitan-analysis,data/derived_mcd_analysis/MCD_Results_July2012.xlsx,FACTORLOADINGS,column_3,,mixed_numeric_text,15,Factor2 | 0.3644 | 0.4434 | -0.9057 | 0.8089,,,xlsx,medium,Some headers were missing; generated column_N names. Sampled first 27 non-empty rows from worksheet.
paper-2018-09,Network Structure And The Journey To Work: An Intra-Metropolitan Analysis,READY-TO-UPLOAD/PUBLIC,/Users/dlev2617/Documents/Code/Agents/github-packages/READY-TO-UPLOAD/PUBLIC/paper-2018-09-network-structure-and-the-journey-to-work-an-intra-metropolitan-analysis,data/derived_mcd_analysis/MCD_Results_July2012.xlsx,FACTORLOADINGS,column_4,,mixed_numeric_text,14,Factor3 | 0.7003 | 0.7867 | 0.8444 | 0.38151,,,xlsx,medium,Some headers were missing; generated column_N names. Sampled first 27 non-empty rows from worksheet.
paper-2018-09,Network Structure And The Journey To Work: An Intra-Metropolitan Analysis,READY-TO-UPLOAD/PUBLIC,/Users/dlev2617/Documents/Code/Agents/github-packages/READY-TO-UPLOAD/PUBLIC/paper-2018-09-network-structure-and-the-journey-to-work-an-intra-metropolitan-analysis,data/derived_mcd_analysis/MCD_Results_July2012.xlsx,FACTORLOADINGS,column_5,,mixed_numeric_text,13,Factor4 | 0.6823 | 0.9469 | 0.00818 | 0.00013,,,xlsx,medium,Some headers were missing; generated column_N names. Sampled first 27 non-empty rows from worksheet.
paper-2018-09,Network Structure And The Journey To Work: An Intra-Metropolitan Analysis,READY-TO-UPLOAD/PUBLIC,/Users/dlev2617/Documents/Code/Agents/github-packages/READY-TO-UPLOAD/PUBLIC/paper-2018-09-network-structure-and-the-journey-to-work-an-intra-metropolitan-analysis,data/derived_mcd_analysis/MCD_Results_July2012.xlsx,FACTORLOADINGS,column_6,,mixed_numeric_text,10,Uniqueness | 0.4566 | 0.2311 | 0.1301 | 0.0929,,,xlsx,medium,Some headers were missing; generated column_N names. Sampled first 27 non-empty rows from worksheet.
paper-2018-09,Network Structure And The Journey To Work: An Intra-Metropolitan Analysis,READY-TO-UPLOAD/PUBLIC,/Users/dlev2617/Documents/Code/Agents/github-packages/READY-TO-UPLOAD/PUBLIC/paper-2018-09-network-structure-and-the-journey-to-work-an-intra-metropolitan-analysis,data/derived_mcd_analysis/MCD_Results_July2012.xlsx,FACTORLOADINGS_CAT,FACTOR LOADINGS,,text,35,Variable | ent_len | ptagefwy | HIERARCHY - MADE OF ENTROPY AND PERCENTAGE FREEWAYS | alpha,,,xlsx,medium,Some headers were missing; generated column_N names. Sampled first 40 non-empty rows from worksheet.
paper-2018-09,Network Structure And The Journey To Work: An Intra-Metropolitan Analysis,READY-TO-UPLOAD/PUBLIC,/Users/dlev2617/Documents/Code/Agents/github-packages/READY-TO-UPLOAD/PUBLIC/paper-2018-09-network-structure-and-the-journey-to-work-an-intra-metropolitan-analysis,data/derived_mcd_analysis/MCD_Results_July2012.xlsx,FACTORLOADINGS_CAT,column_2,,mixed_numeric_text,24,HIERARCHY | 0.807 | TOPOLOGY A | -0.8425 | 0.6208,,,xlsx,medium,Some headers were missing; generated column_N names. Sampled first 40 non-empty rows from worksheet.
paper-2018-09,Network Structure And The Journey To Work: An Intra-Metropolitan Analysis,READY-TO-UPLOAD/PUBLIC,/Users/dlev2617/Documents/Code/Agents/github-packages/READY-TO-UPLOAD/PUBLIC/paper-2018-09-network-structure-and-the-journey-to-work-an-intra-metropolitan-analysis,data/derived_mcd_analysis/MCD_Results_July2012.xlsx,FACTORLOADINGS_CAT,column_3,,mixed_numeric_text,24,Uniqueness | 0.3488 | TOPOLOGY B | -0.3283 | 0.7095,,,xlsx,medium,Some headers were missing; generated column_N names. Sampled first 40 non-empty rows from worksheet.
paper-2018-09,Network Structure And The Journey To Work: An Intra-Metropolitan Analysis,READY-TO-UPLOAD/PUBLIC,/Users/dlev2617/Documents/Code/Agents/github-packages/READY-TO-UPLOAD/PUBLIC/paper-2018-09-network-structure-and-the-journey-to-work-an-intra-metropolitan-analysis,data/derived_mcd_analysis/MCD_Results_July2012.xlsx,FACTORLOADINGS_CAT,column_4,,mixed_numeric_text,13,Uniqueness | 0.1825 | 0.1112 | 0.1242 | 0.2099,,,xlsx,medium,Some headers were missing; generated column_N names. Sampled first 40 non-empty rows from worksheet.
paper-2018-09,Network Structure And The Journey To Work: An Intra-Metropolitan Analysis,READY-TO-UPLOAD/PUBLIC,/Users/dlev2617/Documents/Code/Agents/github-packages/READY-TO-UPLOAD/PUBLIC/paper-2018-09-network-structure-and-the-journey-to-work-an-intra-metropolitan-analysis,data/derived_mcd_analysis/MCD_Results_July2012.xlsx,FACTORLOADINGS_CAT,column_5,,empty,0,,,,xlsx,medium,Some headers were missing; generated column_N names. Sampled first 40 non-empty rows from worksheet.
paper-2018-09,Network Structure And The Journey To Work: An Intra-Metropolitan Analysis,READY-TO-UPLOAD/PUBLIC,/Users/dlev2617/Documents/Code/Agents/github-packages/READY-TO-UPLOAD/PUBLIC/paper-2018-09-network-structure-and-the-journey-to-work-an-intra-metropolitan-analysis,data/derived_mcd_analysis/MCD_Results_July2012.xlsx,FACTORLOADINGS_CAT,column_6,,empty,0,,,,xlsx,medium,Some headers were missing; generated column_N names. Sampled first 40 non-empty rows from worksheet.
paper-2018-09,Network Structure And The Journey To Work: An Intra-Metropolitan Analysis,READY-TO-UPLOAD/PUBLIC,/Users/dlev2617/Documents/Code/Agents/github-packages/READY-TO-UPLOAD/PUBLIC/paper-2018-09-network-structure-and-the-journey-to-work-an-intra-metropolitan-analysis,data/derived_mcd_analysis/MCD_Results_July2012.xlsx,FACTORLOADINGS_CAT,FACTOR LOADINGS_2,,text,25,Variable | ent_len | ptagefwy | alpha | branchness,,,xlsx,medium,Some headers were missing; generated column_N names. Sampled first 40 non-empty rows from worksheet.
paper-2018-09,Network Structure And The Journey To Work: An Intra-Metropolitan Analysis,READY-TO-UPLOAD/PUBLIC,/Users/dlev2617/Documents/Code/Agents/github-packages/READY-TO-UPLOAD/PUBLIC/paper-2018-09-network-structure-and-the-journey-to-work-an-intra-metropolitan-analysis,data/derived_mcd_analysis/MCD_Results_July2012.xlsx,FACTORLOADINGS_CAT,column_8,,mixed_numeric_text,6,HIERARCHY | 0.807 | 0.61958,,,xlsx,medium,Some headers were missing; generated column_N names. Sampled first 40 non-empty rows from worksheet.
paper-2018-09,Network Structure And The Journey To Work: An Intra-Metropolitan Analysis,READY-TO-UPLOAD/PUBLIC,/Users/dlev2617/Documents/Code/Agents/github-packages/READY-TO-UPLOAD/PUBLIC/paper-2018-09-network-structure-and-the-journey-to-work-an-intra-metropolitan-analysis,data/derived_mcd_analysis/MCD_Results_July2012.xlsx,FACTORLOADINGS_CAT,column_9,,mixed_numeric_text,9,TOPOLOGY A | -0.8425 | 0.6208 | 0.8667 | -0.4355,,,xlsx,medium,Some headers were missing; generated column_N names. Sampled first 40 non-empty rows from worksheet.
paper-2018-09,Network Structure And The Journey To Work: An Intra-Metropolitan Analysis,READY-TO-UPLOAD/PUBLIC,/Users/dlev2617/Documents/Code/Agents/github-packages/READY-TO-UPLOAD/PUBLIC/paper-2018-09-network-structure-and-the-journey-to-work-an-intra-metropolitan-analysis,data/derived_mcd_analysis/MCD_Results_July2012.xlsx,FACTORLOADINGS_CAT,column_10,,mixed_numeric_text,9,TOPOLOGY B | -0.3283 | 0.7095 | 0.934 | -0.0751,,,xlsx,medium,Some headers were missing; generated column_N names. Sampled first 40 non-empty rows from worksheet.
paper-2018-09,Network Structure And The Journey To Work: An Intra-Metropolitan Analysis,READY-TO-UPLOAD/PUBLIC,/Users/dlev2617/Documents/Code/Agents/github-packages/READY-TO-UPLOAD/PUBLIC/paper-2018-09-network-structure-and-the-journey-to-work-an-intra-metropolitan-analysis,data/derived_mcd_analysis/MCD_Results_July2012.xlsx,FACTORLOADINGS_CAT,column_11,,mixed_numeric_text,8,SCALE | 0.893 | 0.371 | -0.8694 | 0.52811,,,xlsx,medium,Some headers were missing; generated column_N names. Sampled first 40 non-empty rows from worksheet.
paper-2018-09,Network Structure And The Journey To Work: An Intra-Metropolitan Analysis,READY-TO-UPLOAD/PUBLIC,/Users/dlev2617/Documents/Code/Agents/github-packages/READY-TO-UPLOAD/PUBLIC/paper-2018-09-network-structure-and-the-journey-to-work-an-intra-metropolitan-analysis,data/derived_mcd_analysis/MCD_Results_July2012.xlsx,Sheet2,pwa_l1ni_j~1,,text,46,pwa_emp_t_~1 | medhhinc_2~1 | area_km2 | Hierarchy | TopologyA,,,xlsx,medium,Some headers were missing; generated column_N names. Sampled first 47 non-empty rows from worksheet.
paper-2018-09,Network Structure And The Journey To Work: An Intra-Metropolitan Analysis,READY-TO-UPLOAD/PUBLIC,/Users/dlev2617/Documents/Code/Agents/github-packages/READY-TO-UPLOAD/PUBLIC/paper-2018-09-network-structure-and-the-journey-to-work-an-intra-metropolitan-analysis,data/derived_mcd_analysis/MCD_Results_July2012.xlsx,Sheet2,-0.192,,numeric,45,-0.077 | 0.769 | 0.001 | -0.015 | 0.014,-79.232,145,xlsx,medium,Some headers were missing; generated column_N names. Sampled first 47 non-empty rows from worksheet.
paper-2018-09,Network Structure And The Journey To Work: An Intra-Metropolitan Analysis,READY-TO-UPLOAD/PUBLIC,/Users/dlev2617/Documents/Code/Agents/github-packages/READY-TO-UPLOAD/PUBLIC/paper-2018-09-network-structure-and-the-journey-to-work-an-intra-metropolitan-analysis,data/derived_mcd_analysis/MCD_Results_July2012.xlsx,Sheet2,***,,text,25,* | *** | **,,,xlsx,medium,Some headers were missing; generated column_N names. Sampled first 47 non-empty rows from worksheet.
paper-2018-09,Network Structure And The Journey To Work: An Intra-Metropolitan Analysis,READY-TO-UPLOAD/PUBLIC,/Users/dlev2617/Documents/Code/Agents/github-packages/READY-TO-UPLOAD/PUBLIC/paper-2018-09-network-structure-and-the-journey-to-work-an-intra-metropolitan-analysis,data/derived_mcd_analysis/MCD_Results_July2012.xlsx,Sheet2,-6.823,,numeric,33,-0.907 | 1.96 | 3.228 | -1.726 | 1.376,-7.92,78.751,xlsx,medium,Some headers were missing; generated column_N names. Sampled first 47 non-empty rows from worksheet.
paper-2018-09,Network Structure And The Journey To Work: An Intra-Metropolitan Analysis,READY-TO-UPLOAD/PUBLIC,/Users/dlev2617/Documents/Code/Agents/github-packages/READY-TO-UPLOAD/PUBLIC/paper-2018-09-network-structure-and-the-journey-to-work-an-intra-metropolitan-analysis,data/derived_mcd_analysis/MCD_Results_July2012.xlsx,Sheet2,-0.714,,numeric,29,-0.041 | 0.121 | 0.209 | -0.098 | 0.095,-0.801,0.301,xlsx,medium,Some headers were missing; generated column_N names. Sampled first 47 non-empty rows from worksheet.
paper-2018-09,Network Structure And The Journey To Work: An Intra-Metropolitan Analysis,READY-TO-UPLOAD/PUBLIC,/Users/dlev2617/Documents/Code/Agents/github-packages/READY-TO-UPLOAD/PUBLIC/paper-2018-09-network-structure-and-the-journey-to-work-an-intra-metropolitan-analysis,data/derived_mcd_analysis/MCD_Results_July2012.xlsx,Sheet2,column_6,,empty,0,,,,xlsx,medium,Some headers were missing; generated column_N names. Sampled first 47 non-empty rows from worksheet.
paper-2018-09,Network Structure And The Journey To Work: An Intra-Metropolitan Analysis,READY-TO-UPLOAD/PUBLIC,/Users/dlev2617/Documents/Code/Agents/github-packages/READY-TO-UPLOAD/PUBLIC/paper-2018-09-network-structure-and-the-journey-to-work-an-intra-metropolitan-analysis,data/derived_mcd_analysis/MCD_Results_July2012.xlsx,Sheet2,column_7,,empty,0,,,,xlsx,medium,Some headers were missing; generated column_N names. Sampled first 47 non-empty rows from worksheet.
paper-2018-09,Network Structure And The Journey To Work: An Intra-Metropolitan Analysis,READY-TO-UPLOAD/PUBLIC,/Users/dlev2617/Documents/Code/Agents/github-packages/READY-TO-UPLOAD/PUBLIC/paper-2018-09-network-structure-and-the-journey-to-work-an-intra-metropolitan-analysis,data/derived_mcd_analysis/MCD_Results_July2012.xlsx,Sheet2,column_8,,empty,0,,,,xlsx,medium,Some headers were missing; generated column_N names. Sampled first 47 non-empty rows from worksheet.
paper-2018-09,Network Structure And The Journey To Work: An Intra-Metropolitan Analysis,READY-TO-UPLOAD/PUBLIC,/Users/dlev2617/Documents/Code/Agents/github-packages/READY-TO-UPLOAD/PUBLIC/paper-2018-09-network-structure-and-the-journey-to-work-an-intra-metropolitan-analysis,data/derived_mcd_analysis/MCD_Results_July2012.xlsx,Sheet2,column_9,,empty,0,,,,xlsx,medium,Some headers were missing; generated column_N names. Sampled first 47 non-empty rows from worksheet.
paper-2018-09,Network Structure And The Journey To Work: An Intra-Metropolitan Analysis,READY-TO-UPLOAD/PUBLIC,/Users/dlev2617/Documents/Code/Agents/github-packages/READY-TO-UPLOAD/PUBLIC/paper-2018-09-network-structure-and-the-journey-to-work-an-intra-metropolitan-analysis,data/derived_mcd_analysis/MCD_Results_July2012.xlsx,Sheet2,column_10,,empty,0,,,,xlsx,medium,Some headers were missing; generated column_N names. Sampled first 47 non-empty rows from worksheet.
paper-2018-09,Network Structure And The Journey To Work: An Intra-Metropolitan Analysis,READY-TO-UPLOAD/PUBLIC,/Users/dlev2617/Documents/Code/Agents/github-packages/READY-TO-UPLOAD/PUBLIC/paper-2018-09-network-structure-and-the-journey-to-work-an-intra-metropolitan-analysis,data/derived_mcd_analysis/MCD_Results_July2012.xlsx,Sheet2,column_11,,empty,0,,,,xlsx,medium,Some headers were missing; generated column_N names. Sampled first 47 non-empty rows from worksheet.
paper-2018-09,Network Structure And The Journey To Work: An Intra-Metropolitan Analysis,READY-TO-UPLOAD/PUBLIC,/Users/dlev2617/Documents/Code/Agents/github-packages/READY-TO-UPLOAD/PUBLIC/paper-2018-09-network-structure-and-the-journey-to-work-an-intra-metropolitan-analysis,data/derived_mcd_analysis/MCD_Results_July2012.xlsx,Sheet2,column_12,,empty,0,,,,xlsx,medium,Some headers were missing; generated column_N names. Sampled first 47 non-empty rows from worksheet.
paper-2018-09,Network Structure And The Journey To Work: An Intra-Metropolitan Analysis,READY-TO-UPLOAD/PUBLIC,/Users/dlev2617/Documents/Code/Agents/github-packages/READY-TO-UPLOAD/PUBLIC/paper-2018-09-network-structure-and-the-journey-to-work-an-intra-metropolitan-analysis,data/derived_mcd_analysis/MCD_Results_July2012.xlsx,Sheet2,column_13,,empty,0,,,,xlsx,medium,Some headers were missing; generated column_N names. Sampled first 47 non-empty rows from worksheet.
paper-2018-09,Network Structure And The Journey To Work: An Intra-Metropolitan Analysis,READY-TO-UPLOAD/PUBLIC,/Users/dlev2617/Documents/Code/Agents/github-packages/READY-TO-UPLOAD/PUBLIC/paper-2018-09-network-structure-and-the-journey-to-work-an-intra-metropolitan-analysis,data/derived_mcd_analysis/MCD_Results_July2012.xlsx,Correlation,column_1,,text,10,ent_len | ptagefwy | alpha | beta | gamma,,,xlsx,medium,Some headers were missing; generated column_N names. Sampled first 12 non-empty rows from worksheet.
paper-2018-09,Network Structure And The Journey To Work: An Intra-Metropolitan Analysis,READY-TO-UPLOAD/PUBLIC,/Users/dlev2617/Documents/Code/Agents/github-packages/READY-TO-UPLOAD/PUBLIC/paper-2018-09-network-structure-and-the-journey-to-work-an-intra-metropolitan-analysis,data/derived_mcd_analysis/MCD_Results_July2012.xlsx,Correlation,column_2,,text,10,Entropy | Percentage of freeways | Alpha | Beta | Gamma,,,xlsx,medium,Some headers were missing; generated column_N names. Sampled first 12 non-empty rows from worksheet.
paper-2018-09,Network Structure And The Journey To Work: An Intra-Metropolitan Analysis,READY-TO-UPLOAD/PUBLIC,/Users/dlev2617/Documents/Code/Agents/github-packages/READY-TO-UPLOAD/PUBLIC/paper-2018-09-network-structure-and-the-journey-to-work-an-intra-metropolitan-analysis,data/derived_mcd_analysis/MCD_Results_July2012.xlsx,Correlation,ent_len,,mixed_numeric_text,11,Entropy | 1 | 0.3025 | -0.097 | -0.0807,,,xlsx,medium,Some headers were missing; generated column_N names. Sampled first 12 non-empty rows from worksheet.
paper-2018-09,Network Structure And The Journey To Work: An Intra-Metropolitan Analysis,READY-TO-UPLOAD/PUBLIC,/Users/dlev2617/Documents/Code/Agents/github-packages/READY-TO-UPLOAD/PUBLIC/paper-2018-09-network-structure-and-the-journey-to-work-an-intra-metropolitan-analysis,data/derived_mcd_analysis/MCD_Results_July2012.xlsx,Correlation,ptagefwy,,mixed_numeric_text,10,Percentage of freeways | 1 | 0.1765 | 0.193 | 0.1643,,,xlsx,medium,Some headers were missing; generated column_N names. Sampled first 12 non-empty rows from worksheet.
paper-2018-09,Network Structure And The Journey To Work: An Intra-Metropolitan Analysis,READY-TO-UPLOAD/PUBLIC,/Users/dlev2617/Documents/Code/Agents/github-packages/READY-TO-UPLOAD/PUBLIC/paper-2018-09-network-structure-and-the-journey-to-work-an-intra-metropolitan-analysis,data/derived_mcd_analysis/MCD_Results_July2012.xlsx,Correlation,alpha,,mixed_numeric_text,9,Alpha | 1 | 0.9913 | 0.9955 | -0.5027,,,xlsx,medium,Some headers were missing; generated column_N names. Sampled first 12 non-empty rows from worksheet.
paper-2018-09,Network Structure And The Journey To Work: An Intra-Metropolitan Analysis,READY-TO-UPLOAD/PUBLIC,/Users/dlev2617/Documents/Code/Agents/github-packages/READY-TO-UPLOAD/PUBLIC/paper-2018-09-network-structure-and-the-journey-to-work-an-intra-metropolitan-analysis,data/derived_mcd_analysis/MCD_Results_July2012.xlsx,Correlation,beta,,mixed_numeric_text,8,Beta | 1 | 0.9747 | -0.476 | -0.7744,,,xlsx,medium,Some headers were missing; generated column_N names. Sampled first 12 non-empty rows from worksheet.
paper-2018-09,Network Structure And The Journey To Work: An Intra-Metropolitan Analysis,READY-TO-UPLOAD/PUBLIC,/Users/dlev2617/Documents/Code/Agents/github-packages/READY-TO-UPLOAD/PUBLIC/paper-2018-09-network-structure-and-the-journey-to-work-an-intra-metropolitan-analysis,data/derived_mcd_analysis/MCD_Results_July2012.xlsx,Correlation,gamma,,mixed_numeric_text,7,Gamma | 1 | -0.5208 | -0.6846 | -0.3889,,,xlsx,medium,Some headers were missing; generated column_N names. Sampled first 12 non-empty rows from worksheet.
paper-2018-09,Network Structure And The Journey To Work: An Intra-Metropolitan Analysis,READY-TO-UPLOAD/PUBLIC,/Users/dlev2617/Documents/Code/Agents/github-packages/READY-TO-UPLOAD/PUBLIC/paper-2018-09-network-structure-and-the-journey-to-work-an-intra-metropolitan-analysis,data/derived_mcd_analysis/MCD_Results_July2012.xlsx,Correlation,circuity,,mixed_numeric_text,6,Circuity | 1 | 0.3395 | 0.1562 | -0.0214,,,xlsx,medium,Some headers were missing; generated column_N names. Sampled first 12 non-empty rows from worksheet.
paper-2018-09,Network Structure And The Journey To Work: An Intra-Metropolitan Analysis,READY-TO-UPLOAD/PUBLIC,/Users/dlev2617/Documents/Code/Agents/github-packages/READY-TO-UPLOAD/PUBLIC/paper-2018-09-network-structure-and-the-journey-to-work-an-intra-metropolitan-analysis,data/derived_mcd_analysis/MCD_Results_July2012.xlsx,Correlation,branch~s,,mixed_numeric_text,5,Arterial Treeness | 1 | 0.08 | -0.1974 | -0.4098,,,xlsx,medium,Some headers were missing; generated column_N names. Sampled first 12 non-empty rows from worksheet.
paper-2018-09,Network Structure And The Journey To Work: An Intra-Metropolitan Analysis,READY-TO-UPLOAD/PUBLIC,/Users/dlev2617/Documents/Code/Agents/github-packages/READY-TO-UPLOAD/PUBLIC/paper-2018-09-network-structure-and-the-journey-to-work-an-intra-metropolitan-analysis,data/derived_mcd_analysis/MCD_Results_July2012.xlsx,Correlation,eta,,mixed_numeric_text,4,Eta | 1 | 0.1869 | -0.6299,,,xlsx,medium,Some headers were missing; generated column_N names. Sampled first 12 non-empty rows from worksheet.
paper-2018-09,Network Structure And The Journey To Work: An Intra-Metropolitan Analysis,READY-TO-UPLOAD/PUBLIC,/Users/dlev2617/Documents/Code/Agents/github-packages/READY-TO-UPLOAD/PUBLIC/paper-2018-09-network-structure-and-the-journey-to-work-an-intra-metropolitan-analysis,data/derived_mcd_analysis/MCD_Results_July2012.xlsx,Correlation,theta,,mixed_numeric_text,3,Theta | 1 | -0.1029,,,xlsx,medium,Some headers were missing; generated column_N names. Sampled first 12 non-empty rows from worksheet.
paper-2018-09,Network Structure And The Journey To Work: An Intra-Metropolitan Analysis,READY-TO-UPLOAD/PUBLIC,/Users/dlev2617/Documents/Code/Agents/github-packages/READY-TO-UPLOAD/PUBLIC/paper-2018-09-network-structure-and-the-journey-to-work-an-intra-metropolitan-analysis,data/derived_mcd_analysis/MCD_Results_July2012.xlsx,Correlation,stdens~2,,mixed_numeric_text,2,Street density | 1,,,xlsx,medium,Some headers were missing; generated column_N names. Sampled first 12 non-empty rows from worksheet.
paper-2018-09,Network Structure And The Journey To Work: An Intra-Metropolitan Analysis,READY-TO-UPLOAD/PUBLIC,/Users/dlev2617/Documents/Code/Agents/github-packages/READY-TO-UPLOAD/PUBLIC/paper-2018-09-network-structure-and-the-journey-to-work-an-intra-metropolitan-analysis,data/derived_mcd_analysis/MCD_Results_July2012__Correlation.csv,,column_1,,text,10,ent_len | ptagefwy | alpha | beta | gamma,,,csv,medium,"Some headers were missing; generated column_N names. Delimiter `,`; sampled first 13 rows."
paper-2018-09,Network Structure And The Journey To Work: An Intra-Metropolitan Analysis,READY-TO-UPLOAD/PUBLIC,/Users/dlev2617/Documents/Code/Agents/github-packages/READY-TO-UPLOAD/PUBLIC/paper-2018-09-network-structure-and-the-journey-to-work-an-intra-metropolitan-analysis,data/derived_mcd_analysis/MCD_Results_July2012__Correlation.csv,,column_2,,text,10,Entropy | Percentage of freeways | Alpha | Beta | Gamma,,,csv,medium,"Some headers were missing; generated column_N names. Delimiter `,`; sampled first 13 rows."
paper-2018-09,Network Structure And The Journey To Work: An Intra-Metropolitan Analysis,READY-TO-UPLOAD/PUBLIC,/Users/dlev2617/Documents/Code/Agents/github-packages/READY-TO-UPLOAD/PUBLIC/paper-2018-09-network-structure-and-the-journey-to-work-an-intra-metropolitan-analysis,data/derived_mcd_analysis/MCD_Results_July2012__Correlation.csv,,ent_len,,mixed_numeric_text,11,Entropy | 1 | 0.3025 | -0.097 | -0.0807,,,csv,medium,"Some headers were missing; generated column_N names. Delimiter `,`; sampled first 13 rows."
paper-2018-09,Network Structure And The Journey To Work: An Intra-Metropolitan Analysis,READY-TO-UPLOAD/PUBLIC,/Users/dlev2617/Documents/Code/Agents/github-packages/READY-TO-UPLOAD/PUBLIC/paper-2018-09-network-structure-and-the-journey-to-work-an-intra-metropolitan-analysis,data/derived_mcd_analysis/MCD_Results_July2012__Correlation.csv,,ptagefwy,,mixed_numeric_text,10,Percentage of freeways | 1 | 0.1765 | 0.193 | 0.1643,,,csv,medium,"Some headers were missing; generated column_N names. Delimiter `,`; sampled first 13 rows."
paper-2018-09,Network Structure And The Journey To Work: An Intra-Metropolitan Analysis,READY-TO-UPLOAD/PUBLIC,/Users/dlev2617/Documents/Code/Agents/github-packages/READY-TO-UPLOAD/PUBLIC/paper-2018-09-network-structure-and-the-journey-to-work-an-intra-metropolitan-analysis,data/derived_mcd_analysis/MCD_Results_July2012__Correlation.csv,,alpha,,mixed_numeric_text,9,Alpha | 1 | 0.9913 | 0.9955 | -0.5027,,,csv,medium,"Some headers were missing; generated column_N names. Delimiter `,`; sampled first 13 rows."
paper-2018-09,Network Structure And The Journey To Work: An Intra-Metropolitan Analysis,READY-TO-UPLOAD/PUBLIC,/Users/dlev2617/Documents/Code/Agents/github-packages/READY-TO-UPLOAD/PUBLIC/paper-2018-09-network-structure-and-the-journey-to-work-an-intra-metropolitan-analysis,data/derived_mcd_analysis/MCD_Results_July2012__Correlation.csv,,beta,,mixed_numeric_text,8,Beta | 1 | 0.9747 | -0.476 | -0.7744,,,csv,medium,"Some headers were missing; generated column_N names. Delimiter `,`; sampled first 13 rows."
paper-2018-09,Network Structure And The Journey To Work: An Intra-Metropolitan Analysis,READY-TO-UPLOAD/PUBLIC,/Users/dlev2617/Documents/Code/Agents/github-packages/READY-TO-UPLOAD/PUBLIC/paper-2018-09-network-structure-and-the-journey-to-work-an-intra-metropolitan-analysis,data/derived_mcd_analysis/MCD_Results_July2012__Correlation.csv,,gamma,,mixed_numeric_text,7,Gamma | 1 | -0.5208 | -0.6846 | -0.3889,,,csv,medium,"Some headers were missing; generated column_N names. Delimiter `,`; sampled first 13 rows."
paper-2018-09,Network Structure And The Journey To Work: An Intra-Metropolitan Analysis,READY-TO-UPLOAD/PUBLIC,/Users/dlev2617/Documents/Code/Agents/github-packages/READY-TO-UPLOAD/PUBLIC/paper-2018-09-network-structure-and-the-journey-to-work-an-intra-metropolitan-analysis,data/derived_mcd_analysis/MCD_Results_July2012__Correlation.csv,,circuity,,mixed_numeric_text,6,Circuity | 1 | 0.3395 | 0.1562 | -0.0214,,,csv,medium,"Some headers were missing; generated column_N names. Delimiter `,`; sampled first 13 rows."
paper-2018-09,Network Structure And The Journey To Work: An Intra-Metropolitan Analysis,READY-TO-UPLOAD/PUBLIC,/Users/dlev2617/Documents/Code/Agents/github-packages/READY-TO-UPLOAD/PUBLIC/paper-2018-09-network-structure-and-the-journey-to-work-an-intra-metropolitan-analysis,data/derived_mcd_analysis/MCD_Results_July2012__Correlation.csv,,branch~s,,mixed_numeric_text,5,Arterial Treeness | 1 | 0.08 | -0.1974 | -0.4098,,,csv,medium,"Some headers were missing; generated column_N names. Delimiter `,`; sampled first 13 rows."
paper-2018-09,Network Structure And The Journey To Work: An Intra-Metropolitan Analysis,READY-TO-UPLOAD/PUBLIC,/Users/dlev2617/Documents/Code/Agents/github-packages/READY-TO-UPLOAD/PUBLIC/paper-2018-09-network-structure-and-the-journey-to-work-an-intra-metropolitan-analysis,data/derived_mcd_analysis/MCD_Results_July2012__Correlation.csv,,eta,,mixed_numeric_text,4,Eta | 1 | 0.1869 | -0.6299,,,csv,medium,"Some headers were missing; generated column_N names. Delimiter `,`; sampled first 13 rows."
paper-2018-09,Network Structure And The Journey To Work: An Intra-Metropolitan Analysis,READY-TO-UPLOAD/PUBLIC,/Users/dlev2617/Documents/Code/Agents/github-packages/READY-TO-UPLOAD/PUBLIC/paper-2018-09-network-structure-and-the-journey-to-work-an-intra-metropolitan-analysis,data/derived_mcd_analysis/MCD_Results_July2012__Correlation.csv,,theta,,mixed_numeric_text,3,Theta | 1 | -0.1029,,,csv,medium,"Some headers were missing; generated column_N names. Delimiter `,`; sampled first 13 rows."
paper-2018-09,Network Structure And The Journey To Work: An Intra-Metropolitan Analysis,READY-TO-UPLOAD/PUBLIC,/Users/dlev2617/Documents/Code/Agents/github-packages/READY-TO-UPLOAD/PUBLIC/paper-2018-09-network-structure-and-the-journey-to-work-an-intra-metropolitan-analysis,data/derived_mcd_analysis/MCD_Results_July2012__Correlation.csv,,stdens~2,,mixed_numeric_text,2,Street density | 1,,,csv,medium,"Some headers were missing; generated column_N names. Delimiter `,`; sampled first 13 rows."
paper-2018-09,Network Structure And The Journey To Work: An Intra-Metropolitan Analysis,READY-TO-UPLOAD/PUBLIC,/Users/dlev2617/Documents/Code/Agents/github-packages/READY-TO-UPLOAD/PUBLIC/paper-2018-09-network-structure-and-the-journey-to-work-an-intra-metropolitan-analysis,data/derived_mcd_analysis/MCD_Results_July2012__FACTORLOADINGS.csv,,FACTOR LOADINGS,,text,26,Variable | ent_len | ptagefwy | alpha | branchness,,,csv,medium,"Some headers were missing; generated column_N names. Delimiter `,`; sampled first 29 rows."
paper-2018-09,Network Structure And The Journey To Work: An Intra-Metropolitan Analysis,READY-TO-UPLOAD/PUBLIC,/Users/dlev2617/Documents/Code/Agents/github-packages/READY-TO-UPLOAD/PUBLIC/paper-2018-09-network-structure-and-the-journey-to-work-an-intra-metropolitan-analysis,data/derived_mcd_analysis/MCD_Results_July2012__FACTORLOADINGS.csv,,column_2,,mixed_numeric_text,15,Factor1 | -0.7712 | 0.6453 | 0.8516 | -0.4143,,,csv,medium,"Some headers were missing; generated column_N names. Delimiter `,`; sampled first 29 rows."
paper-2018-09,Network Structure And The Journey To Work: An Intra-Metropolitan Analysis,READY-TO-UPLOAD/PUBLIC,/Users/dlev2617/Documents/Code/Agents/github-packages/READY-TO-UPLOAD/PUBLIC/paper-2018-09-network-structure-and-the-journey-to-work-an-intra-metropolitan-analysis,data/derived_mcd_analysis/MCD_Results_July2012__FACTORLOADINGS.csv,,column_3,,mixed_numeric_text,15,Factor2 | 0.3644 | 0.4434 | -0.9057 | 0.8089,,,csv,medium,"Some headers were missing; generated column_N names. Delimiter `,`; sampled first 29 rows."
paper-2018-09,Network Structure And The Journey To Work: An Intra-Metropolitan Analysis,READY-TO-UPLOAD/PUBLIC,/Users/dlev2617/Documents/Code/Agents/github-packages/READY-TO-UPLOAD/PUBLIC/paper-2018-09-network-structure-and-the-journey-to-work-an-intra-metropolitan-analysis,data/derived_mcd_analysis/MCD_Results_July2012__FACTORLOADINGS.csv,,column_4,,mixed_numeric_text,14,Factor3 | 0.7003 | 0.7867 | 0.8444 | 0.38151,,,csv,medium,"Some headers were missing; generated column_N names. Delimiter `,`; sampled first 29 rows."
paper-2018-09,Network Structure And The Journey To Work: An Intra-Metropolitan Analysis,READY-TO-UPLOAD/PUBLIC,/Users/dlev2617/Documents/Code/Agents/github-packages/READY-TO-UPLOAD/PUBLIC/paper-2018-09-network-structure-and-the-journey-to-work-an-intra-metropolitan-analysis,data/derived_mcd_analysis/MCD_Results_July2012__FACTORLOADINGS.csv,,column_5,,mixed_numeric_text,13,Factor4 | 0.6823 | 0.9469 | 0.00818 | 0.00013,,,csv,medium,"Some headers were missing; generated column_N names. Delimiter `,`; sampled first 29 rows."
paper-2018-09,Network Structure And The Journey To Work: An Intra-Metropolitan Analysis,READY-TO-UPLOAD/PUBLIC,/Users/dlev2617/Documents/Code/Agents/github-packages/READY-TO-UPLOAD/PUBLIC/paper-2018-09-network-structure-and-the-journey-to-work-an-intra-metropolitan-analysis,data/derived_mcd_analysis/MCD_Results_July2012__FACTORLOADINGS.csv,,column_6,,mixed_numeric_text,10,Uniqueness | 0.4566 | 0.2311 | 0.1301 | 0.0929,,,csv,medium,"Some headers were missing; generated column_N names. Delimiter `,`; sampled first 29 rows."
paper-2018-09,Network Structure And The Journey To Work: An Intra-Metropolitan Analysis,READY-TO-UPLOAD/PUBLIC,/Users/dlev2617/Documents/Code/Agents/github-packages/READY-TO-UPLOAD/PUBLIC/paper-2018-09-network-structure-and-the-journey-to-work-an-intra-metropolitan-analysis,data/derived_mcd_analysis/MCD_Results_July2012__FACTORLOADINGS_CAT.csv,,FACTOR LOADINGS,,text,35,Variable | ent_len | ptagefwy | HIERARCHY - MADE OF ENTROPY AND PERCENTAGE FREEWAYS | alpha,,,csv,medium,"Some headers were missing; generated column_N names. Delimiter `,`; sampled first 41 rows."
paper-2018-09,Network Structure And The Journey To Work: An Intra-Metropolitan Analysis,READY-TO-UPLOAD/PUBLIC,/Users/dlev2617/Documents/Code/Agents/github-packages/READY-TO-UPLOAD/PUBLIC/paper-2018-09-network-structure-and-the-journey-to-work-an-intra-metropolitan-analysis,data/derived_mcd_analysis/MCD_Results_July2012__FACTORLOADINGS_CAT.csv,,column_2,,mixed_numeric_text,24,HIERARCHY | 0.807 | TOPOLOGY A | -0.8425 | 0.6208,,,csv,medium,"Some headers were missing; generated column_N names. Delimiter `,`; sampled first 41 rows."
paper-2018-09,Network Structure And The Journey To Work: An Intra-Metropolitan Analysis,READY-TO-UPLOAD/PUBLIC,/Users/dlev2617/Documents/Code/Agents/github-packages/READY-TO-UPLOAD/PUBLIC/paper-2018-09-network-structure-and-the-journey-to-work-an-intra-metropolitan-analysis,data/derived_mcd_analysis/MCD_Results_July2012__FACTORLOADINGS_CAT.csv,,column_3,,mixed_numeric_text,24,Uniqueness | 0.3488 | TOPOLOGY B | -0.3283 | 0.7095,,,csv,medium,"Some headers were missing; generated column_N names. Delimiter `,`; sampled first 41 rows."
paper-2018-09,Network Structure And The Journey To Work: An Intra-Metropolitan Analysis,READY-TO-UPLOAD/PUBLIC,/Users/dlev2617/Documents/Code/Agents/github-packages/READY-TO-UPLOAD/PUBLIC/paper-2018-09-network-structure-and-the-journey-to-work-an-intra-metropolitan-analysis,data/derived_mcd_analysis/MCD_Results_July2012__FACTORLOADINGS_CAT.csv,,column_4,,mixed_numeric_text,13,Uniqueness | 0.1825 | 0.1112 | 0.1242 | 0.2099,,,csv,medium,"Some headers were missing; generated column_N names. Delimiter `,`; sampled first 41 rows."
paper-2018-09,Network Structure And The Journey To Work: An Intra-Metropolitan Analysis,READY-TO-UPLOAD/PUBLIC,/Users/dlev2617/Documents/Code/Agents/github-packages/READY-TO-UPLOAD/PUBLIC/paper-2018-09-network-structure-and-the-journey-to-work-an-intra-metropolitan-analysis,data/derived_mcd_analysis/MCD_Results_July2012__FACTORLOADINGS_CAT.csv,,column_5,,empty,0,,,,csv,medium,"Some headers were missing; generated column_N names. Delimiter `,`; sampled first 41 rows."
paper-2018-09,Network Structure And The Journey To Work: An Intra-Metropolitan Analysis,READY-TO-UPLOAD/PUBLIC,/Users/dlev2617/Documents/Code/Agents/github-packages/READY-TO-UPLOAD/PUBLIC/paper-2018-09-network-structure-and-the-journey-to-work-an-intra-metropolitan-analysis,data/derived_mcd_analysis/MCD_Results_July2012__FACTORLOADINGS_CAT.csv,,column_6,,empty,0,,,,csv,medium,"Some headers were missing; generated column_N names. Delimiter `,`; sampled first 41 rows."
paper-2018-09,Network Structure And The Journey To Work: An Intra-Metropolitan Analysis,READY-TO-UPLOAD/PUBLIC,/Users/dlev2617/Documents/Code/Agents/github-packages/READY-TO-UPLOAD/PUBLIC/paper-2018-09-network-structure-and-the-journey-to-work-an-intra-metropolitan-analysis,data/derived_mcd_analysis/MCD_Results_July2012__FACTORLOADINGS_CAT.csv,,FACTOR LOADINGS_2,,text,25,Variable | ent_len | ptagefwy | alpha | branchness,,,csv,medium,"Some headers were missing; generated column_N names. Delimiter `,`; sampled first 41 rows."
paper-2018-09,Network Structure And The Journey To Work: An Intra-Metropolitan Analysis,READY-TO-UPLOAD/PUBLIC,/Users/dlev2617/Documents/Code/Agents/github-packages/READY-TO-UPLOAD/PUBLIC/paper-2018-09-network-structure-and-the-journey-to-work-an-intra-metropolitan-analysis,data/derived_mcd_analysis/MCD_Results_July2012__FACTORLOADINGS_CAT.csv,,column_8,,mixed_numeric_text,6,HIERARCHY | 0.807 | 0.61958,,,csv,medium,"Some headers were missing; generated column_N names. Delimiter `,`; sampled first 41 rows."
paper-2018-09,Network Structure And The Journey To Work: An Intra-Metropolitan Analysis,READY-TO-UPLOAD/PUBLIC,/Users/dlev2617/Documents/Code/Agents/github-packages/READY-TO-UPLOAD/PUBLIC/paper-2018-09-network-structure-and-the-journey-to-work-an-intra-metropolitan-analysis,data/derived_mcd_analysis/MCD_Results_July2012__FACTORLOADINGS_CAT.csv,,column_9,,mixed_numeric_text,9,TOPOLOGY A | -0.8425 | 0.6208 | 0.8667 | -0.4355,,,csv,medium,"Some headers were missing; generated column_N names. Delimiter `,`; sampled first 41 rows."
paper-2018-09,Network Structure And The Journey To Work: An Intra-Metropolitan Analysis,READY-TO-UPLOAD/PUBLIC,/Users/dlev2617/Documents/Code/Agents/github-packages/READY-TO-UPLOAD/PUBLIC/paper-2018-09-network-structure-and-the-journey-to-work-an-intra-metropolitan-analysis,data/derived_mcd_analysis/MCD_Results_July2012__FACTORLOADINGS_CAT.csv,,column_10,,mixed_numeric_text,9,TOPOLOGY B | -0.3283 | 0.7095 | 0.934 | -0.0751,,,csv,medium,"Some headers were missing; generated column_N names. Delimiter `,`; sampled first 41 rows."
paper-2018-09,Network Structure And The Journey To Work: An Intra-Metropolitan Analysis,READY-TO-UPLOAD/PUBLIC,/Users/dlev2617/Documents/Code/Agents/github-packages/READY-TO-UPLOAD/PUBLIC/paper-2018-09-network-structure-and-the-journey-to-work-an-intra-metropolitan-analysis,data/derived_mcd_analysis/MCD_Results_July2012__FACTORLOADINGS_CAT.csv,,column_11,,mixed_numeric_text,8,SCALE | 0.893 | 0.371 | -0.8694 | 0.52811,,,csv,medium,"Some headers were missing; generated column_N names. Delimiter `,`; sampled first 41 rows."
paper-2018-09,Network Structure And The Journey To Work: An Intra-Metropolitan Analysis,READY-TO-UPLOAD/PUBLIC,/Users/dlev2617/Documents/Code/Agents/github-packages/READY-TO-UPLOAD/PUBLIC/paper-2018-09-network-structure-and-the-journey-to-work-an-intra-metropolitan-analysis,data/derived_mcd_analysis/MCD_Results_July2012__Results.csv,,column_1,,empty,0,,,,csv,medium,"Some headers were missing; generated column_N names. Delimiter `,`; sampled first 24 rows."
paper-2018-09,Network Structure And The Journey To Work: An Intra-Metropolitan Analysis,READY-TO-UPLOAD/PUBLIC,/Users/dlev2617/Documents/Code/Agents/github-packages/READY-TO-UPLOAD/PUBLIC/paper-2018-09-network-structure-and-the-journey-to-work-an-intra-metropolitan-analysis,data/derived_mcd_analysis/MCD_Results_July2012__Results.csv,,column_2,,text,9,pwa_l1ni_j~1 | pwa_emp_t_~1 | medhhinc_2~1 | area_km2 | ent_len,,,csv,medium,"Some headers were missing; generated column_N names. Delimiter `,`; sampled first 24 rows."
paper-2018-09,Network Structure And The Journey To Work: An Intra-Metropolitan Analysis,READY-TO-UPLOAD/PUBLIC,/Users/dlev2617/Documents/Code/Agents/github-packages/READY-TO-UPLOAD/PUBLIC/paper-2018-09-network-structure-and-the-journey-to-work-an-intra-metropolitan-analysis,data/derived_mcd_analysis/MCD_Results_July2012__Results.csv,,column_3,,text,20,"INDEPENDENT VARIABLES | PW auto access to jobs, 30 mins | PW transit access to jobs, 30 mins | Median HH income | MCD size (km2)",,,csv,medium,"Some headers were missing; generated column_N names. Delimiter `,`; sampled first 24 rows."
paper-2018-09,Network Structure And The Journey To Work: An Intra-Metropolitan Analysis,READY-TO-UPLOAD/PUBLIC,/Users/dlev2617/Documents/Code/Agents/github-packages/READY-TO-UPLOAD/PUBLIC/paper-2018-09-network-structure-and-the-journey-to-work-an-intra-metropolitan-analysis,data/derived_mcd_analysis/MCD_Results_July2012__Results.csv,,"Average TT to Work, 2010",,mixed_numeric_text,12,LINEAR MODEL | Coef. | -4.064 | -2.442 | 0.159,,,csv,medium,"Some headers were missing; generated column_N names. Delimiter `,`; sampled first 24 rows."
paper-2018-09,Network Structure And The Journey To Work: An Intra-Metropolitan Analysis,READY-TO-UPLOAD/PUBLIC,/Users/dlev2617/Documents/Code/Agents/github-packages/READY-TO-UPLOAD/PUBLIC/paper-2018-09-network-structure-and-the-journey-to-work-an-intra-metropolitan-analysis,data/derived_mcd_analysis/MCD_Results_July2012__Results.csv,,column_5,,mixed_numeric_text,8,t | -7.325 | -1.218 | 0.019 | 3.949,,,csv,medium,"Some headers were missing; generated column_N names. Delimiter `,`; sampled first 24 rows."
paper-2018-09,Network Structure And The Journey To Work: An Intra-Metropolitan Analysis,READY-TO-UPLOAD/PUBLIC,/Users/dlev2617/Documents/Code/Agents/github-packages/READY-TO-UPLOAD/PUBLIC/paper-2018-09-network-structure-and-the-journey-to-work-an-intra-metropolitan-analysis,data/derived_mcd_analysis/MCD_Results_July2012__Results.csv,,column_6,,text,6,Sig | *** | *,,,csv,medium,"Some headers were missing; generated column_N names. Delimiter `,`; sampled first 24 rows."
paper-2018-09,Network Structure And The Journey To Work: An Intra-Metropolitan Analysis,READY-TO-UPLOAD/PUBLIC,/Users/dlev2617/Documents/Code/Agents/github-packages/READY-TO-UPLOAD/PUBLIC/paper-2018-09-network-structure-and-the-journey-to-work-an-intra-metropolitan-analysis,data/derived_mcd_analysis/MCD_Results_July2012__Results.csv,,"LN(Average Travel Time to Work, 2010)",,mixed_numeric_text,12,LOG MODEL | Coef. | -0.147 | -0.012 | -0.062,,,csv,medium,"Some headers were missing; generated column_N names. Delimiter `,`; sampled first 24 rows."
paper-2018-09,Network Structure And The Journey To Work: An Intra-Metropolitan Analysis,READY-TO-UPLOAD/PUBLIC,/Users/dlev2617/Documents/Code/Agents/github-packages/READY-TO-UPLOAD/PUBLIC/paper-2018-09-network-structure-and-the-journey-to-work-an-intra-metropolitan-analysis,data/derived_mcd_analysis/MCD_Results_July2012__Results.csv,,column_8,,mixed_numeric_text,8,t-stats | -4.664 | -2.008 | -2.127 | 5.253,,,csv,medium,"Some headers were missing; generated column_N names. Delimiter `,`; sampled first 24 rows."
paper-2018-09,Network Structure And The Journey To Work: An Intra-Metropolitan Analysis,READY-TO-UPLOAD/PUBLIC,/Users/dlev2617/Documents/Code/Agents/github-packages/READY-TO-UPLOAD/PUBLIC/paper-2018-09-network-structure-and-the-journey-to-work-an-intra-metropolitan-analysis,data/derived_mcd_analysis/MCD_Results_July2012__Results.csv,,column_9,,text,7,*** | ** | *,,,csv,medium,"Some headers were missing; generated column_N names. Delimiter `,`; sampled first 24 rows."
paper-2018-09,Network Structure And The Journey To Work: An Intra-Metropolitan Analysis,READY-TO-UPLOAD/PUBLIC,/Users/dlev2617/Documents/Code/Agents/github-packages/READY-TO-UPLOAD/PUBLIC/paper-2018-09-network-structure-and-the-journey-to-work-an-intra-metropolitan-analysis,data/derived_mcd_analysis/MCD_Results_July2012__Results.csv,,"Average TT to Work, 2010_2",,mixed_numeric_text,12,FACTOR MODEL | Coef. | -0.452 | 0.041 | 0.184,,,csv,medium,"Some headers were missing; generated column_N names. Delimiter `,`; sampled first 24 rows."
paper-2018-09,Network Structure And The Journey To Work: An Intra-Metropolitan Analysis,READY-TO-UPLOAD/PUBLIC,/Users/dlev2617/Documents/Code/Agents/github-packages/READY-TO-UPLOAD/PUBLIC/paper-2018-09-network-structure-and-the-journey-to-work-an-intra-metropolitan-analysis,data/derived_mcd_analysis/MCD_Results_July2012__Results.csv,,column_11,,mixed_numeric_text,8,t-stats | -0.04 | 5.531 | 0.545 | -2.966,,,csv,medium,"Some headers were missing; generated column_N names. Delimiter `,`; sampled first 24 rows."
paper-2018-09,Network Structure And The Journey To Work: An Intra-Metropolitan Analysis,READY-TO-UPLOAD/PUBLIC,/Users/dlev2617/Documents/Code/Agents/github-packages/READY-TO-UPLOAD/PUBLIC/paper-2018-09-network-structure-and-the-journey-to-work-an-intra-metropolitan-analysis,data/derived_mcd_analysis/MCD_Results_July2012__Results.csv,,column_12,,text,6,Sig | *** | *,,,csv,medium,"Some headers were missing; generated column_N names. Delimiter `,`; sampled first 24 rows."
paper-2018-09,Network Structure And The Journey To Work: An Intra-Metropolitan Analysis,READY-TO-UPLOAD/PUBLIC,/Users/dlev2617/Documents/Code/Agents/github-packages/READY-TO-UPLOAD/PUBLIC/paper-2018-09-network-structure-and-the-journey-to-work-an-intra-metropolitan-analysis,data/derived_mcd_analysis/MCD_Results_July2012__Results.csv,,column_13,,empty,0,,,,csv,medium,"Some headers were missing; generated column_N names. Delimiter `,`; sampled first 24 rows."
paper-2018-09,Network Structure And The Journey To Work: An Intra-Metropolitan Analysis,READY-TO-UPLOAD/PUBLIC,/Users/dlev2617/Documents/Code/Agents/github-packages/READY-TO-UPLOAD/PUBLIC/paper-2018-09-network-structure-and-the-journey-to-work-an-intra-metropolitan-analysis,data/derived_mcd_analysis/MCD_Results_July2012__Sheet1.csv,,column_1,,empty,0,,,,csv,medium,"Some headers were missing; generated column_N names. Delimiter `,`; sampled first 34 rows."
paper-2018-09,Network Structure And The Journey To Work: An Intra-Metropolitan Analysis,READY-TO-UPLOAD/PUBLIC,/Users/dlev2617/Documents/Code/Agents/github-packages/READY-TO-UPLOAD/PUBLIC/paper-2018-09-network-structure-and-the-journey-to-work-an-intra-metropolitan-analysis,data/derived_mcd_analysis/MCD_Results_July2012__Sheet1.csv,,column_2,,text,15,pwa_l1ni_j~1 | pwa_emp_t_~1 | medhhinc_2~1 | area_km2 | ent_len,,,csv,medium,"Some headers were missing; generated column_N names. Delimiter `,`; sampled first 34 rows."
paper-2018-09,Network Structure And The Journey To Work: An Intra-Metropolitan Analysis,READY-TO-UPLOAD/PUBLIC,/Users/dlev2617/Documents/Code/Agents/github-packages/READY-TO-UPLOAD/PUBLIC/paper-2018-09-network-structure-and-the-journey-to-work-an-intra-metropolitan-analysis,data/derived_mcd_analysis/MCD_Results_July2012__Sheet1.csv,,column_3,,text,29,"INDEPENDENT VARIABLES | PW auto access to jobs, 30 mins | PW transit access to jobs, 30 mins | Median HH income | MCD size (km2)",,,csv,medium,"Some headers were missing; generated column_N names. Delimiter `,`; sampled first 34 rows."
paper-2018-09,Network Structure And The Journey To Work: An Intra-Metropolitan Analysis,READY-TO-UPLOAD/PUBLIC,/Users/dlev2617/Documents/Code/Agents/github-packages/READY-TO-UPLOAD/PUBLIC/paper-2018-09-network-structure-and-the-journey-to-work-an-intra-metropolitan-analysis,data/derived_mcd_analysis/MCD_Results_July2012__Sheet1.csv,,"Avg TT to Work, 2010",,mixed_numeric_text,13,LINEAR MODEL | Coef. | -4.535 | -1.431 | 5.102,,,csv,medium,"Some headers were missing; generated column_N names. Delimiter `,`; sampled first 34 rows."
paper-2018-09,Network Structure And The Journey To Work: An Intra-Metropolitan Analysis,READY-TO-UPLOAD/PUBLIC,/Users/dlev2617/Documents/Code/Agents/github-packages/READY-TO-UPLOAD/PUBLIC/paper-2018-09-network-structure-and-the-journey-to-work-an-intra-metropolitan-analysis,data/derived_mcd_analysis/MCD_Results_July2012__Sheet1.csv,,column_5,,text,7,Sig | *** | ** | *,,,csv,medium,"Some headers were missing; generated column_N names. Delimiter `,`; sampled first 34 rows."
paper-2018-09,Network Structure And The Journey To Work: An Intra-Metropolitan Analysis,READY-TO-UPLOAD/PUBLIC,/Users/dlev2617/Documents/Code/Agents/github-packages/READY-TO-UPLOAD/PUBLIC/paper-2018-09-network-structure-and-the-journey-to-work-an-intra-metropolitan-analysis,data/derived_mcd_analysis/MCD_Results_July2012__Sheet1.csv,,column_6,,mixed_numeric_text,9,t-stats | -7.92 | -0.749 | 0.565 | 2.44,,,csv,medium,"Some headers were missing; generated column_N names. Delimiter `,`; sampled first 34 rows."
paper-2018-09,Network Structure And The Journey To Work: An Intra-Metropolitan Analysis,READY-TO-UPLOAD/PUBLIC,/Users/dlev2617/Documents/Code/Agents/github-packages/READY-TO-UPLOAD/PUBLIC/paper-2018-09-network-structure-and-the-journey-to-work-an-intra-metropolitan-analysis,data/derived_mcd_analysis/MCD_Results_July2012__Sheet1.csv,,column_7,,mixed_numeric_text,8,Beta | -0.653 | -0.03 | 0.031 | 0.166,,,csv,medium,"Some headers were missing; generated column_N names. Delimiter `,`; sampled first 34 rows."
paper-2018-09,Network Structure And The Journey To Work: An Intra-Metropolitan Analysis,READY-TO-UPLOAD/PUBLIC,/Users/dlev2617/Documents/Code/Agents/github-packages/READY-TO-UPLOAD/PUBLIC/paper-2018-09-network-structure-and-the-journey-to-work-an-intra-metropolitan-analysis,data/derived_mcd_analysis/MCD_Results_July2012__Sheet1.csv,,"LN(Average Travel Time to Work, 2010)",,mixed_numeric_text,13,LOG LINEAR MODEL | Coef. | -0.175 | -0.078 | 0.308,,,csv,medium,"Some headers were missing; generated column_N names. Delimiter `,`; sampled first 34 rows."
paper-2018-09,Network Structure And The Journey To Work: An Intra-Metropolitan Analysis,READY-TO-UPLOAD/PUBLIC,/Users/dlev2617/Documents/Code/Agents/github-packages/READY-TO-UPLOAD/PUBLIC/paper-2018-09-network-structure-and-the-journey-to-work-an-intra-metropolitan-analysis,data/derived_mcd_analysis/MCD_Results_July2012__Sheet1.csv,,column_9,,text,7,Sig | *** | **,,,csv,medium,"Some headers were missing; generated column_N names. Delimiter `,`; sampled first 34 rows."
paper-2018-09,Network Structure And The Journey To Work: An Intra-Metropolitan Analysis,READY-TO-UPLOAD/PUBLIC,/Users/dlev2617/Documents/Code/Agents/github-packages/READY-TO-UPLOAD/PUBLIC/paper-2018-09-network-structure-and-the-journey-to-work-an-intra-metropolitan-analysis,data/derived_mcd_analysis/MCD_Results_July2012__Sheet1.csv,,column_10,,mixed_numeric_text,9,t-stats | -8.214 | -0.961 | 0.877 | 2.528,,,csv,medium,"Some headers were missing; generated column_N names. Delimiter `,`; sampled first 34 rows."
paper-2018-09,Network Structure And The Journey To Work: An Intra-Metropolitan Analysis,READY-TO-UPLOAD/PUBLIC,/Users/dlev2617/Documents/Code/Agents/github-packages/READY-TO-UPLOAD/PUBLIC/paper-2018-09-network-structure-and-the-journey-to-work-an-intra-metropolitan-analysis,data/derived_mcd_analysis/MCD_Results_July2012__Sheet1.csv,,column_11,,mixed_numeric_text,8,Beta | -0.653 | -0.042 | 0.048 | 0.165,,,csv,medium,"Some headers were missing; generated column_N names. Delimiter `,`; sampled first 34 rows."
paper-2018-09,Network Structure And The Journey To Work: An Intra-Metropolitan Analysis,READY-TO-UPLOAD/PUBLIC,/Users/dlev2617/Documents/Code/Agents/github-packages/READY-TO-UPLOAD/PUBLIC/paper-2018-09-network-structure-and-the-journey-to-work-an-intra-metropolitan-analysis,data/derived_mcd_analysis/MCD_Results_July2012__Sheet1.csv,,column_12,,mixed_numeric_text,16,FACTOR ANALYSIS BY CATEGORY* | Coef. | -0.192 | -0.077 | 0.769,,,csv,medium,"Some headers were missing; generated column_N names. Delimiter `,`; sampled first 34 rows."
paper-2018-09,Network Structure And The Journey To Work: An Intra-Metropolitan Analysis,READY-TO-UPLOAD/PUBLIC,/Users/dlev2617/Documents/Code/Agents/github-packages/READY-TO-UPLOAD/PUBLIC/paper-2018-09-network-structure-and-the-journey-to-work-an-intra-metropolitan-analysis,data/derived_mcd_analysis/MCD_Results_July2012__Sheet1.csv,,column_13,,text,8,Sig | *** | * | **,,,csv,medium,"Some headers were missing; generated column_N names. Delimiter `,`; sampled first 34 rows."
paper-2018-09,Network Structure And The Journey To Work: An Intra-Metropolitan Analysis,READY-TO-UPLOAD/PUBLIC,/Users/dlev2617/Documents/Code/Agents/github-packages/READY-TO-UPLOAD/PUBLIC/paper-2018-09-network-structure-and-the-journey-to-work-an-intra-metropolitan-analysis,data/derived_mcd_analysis/MCD_Results_July2012__Sheet1.csv,,column_14,,mixed_numeric_text,10,t-stats | -6.823 | -0.907 | 1.96 | 3.228,,,csv,medium,"Some headers were missing; generated column_N names. Delimiter `,`; sampled first 34 rows."
paper-2018-09,Network Structure And The Journey To Work: An Intra-Metropolitan Analysis,READY-TO-UPLOAD/PUBLIC,/Users/dlev2617/Documents/Code/Agents/github-packages/READY-TO-UPLOAD/PUBLIC/paper-2018-09-network-structure-and-the-journey-to-work-an-intra-metropolitan-analysis,data/derived_mcd_analysis/MCD_Results_July2012__Sheet1.csv,,column_15,,mixed_numeric_text,9,Beta | -0.714 | -0.041 | 0.121 | 0.209,,,csv,medium,"Some headers were missing; generated column_N names. Delimiter `,`; sampled first 34 rows."
paper-2018-09,Network Structure And The Journey To Work: An Intra-Metropolitan Analysis,READY-TO-UPLOAD/PUBLIC,/Users/dlev2617/Documents/Code/Agents/github-packages/READY-TO-UPLOAD/PUBLIC/paper-2018-09-network-structure-and-the-journey-to-work-an-intra-metropolitan-analysis,data/derived_mcd_analysis/MCD_Results_July2012__Sheet1.csv,,column_16,,mixed_numeric_text,14,FACTOR ANALYSIS WO CATEGORY ** | Coef. | -0.215 | -0.099 | 0.947,,,csv,medium,"Some headers were missing; generated column_N names. Delimiter `,`; sampled first 34 rows."
paper-2018-09,Network Structure And The Journey To Work: An Intra-Metropolitan Analysis,READY-TO-UPLOAD/PUBLIC,/Users/dlev2617/Documents/Code/Agents/github-packages/READY-TO-UPLOAD/PUBLIC/paper-2018-09-network-structure-and-the-journey-to-work-an-intra-metropolitan-analysis,data/derived_mcd_analysis/MCD_Results_July2012__Sheet1.csv,,column_17,,text,7,Sig | *** | ** | *,,,csv,medium,"Some headers were missing; generated column_N names. Delimiter `,`; sampled first 34 rows."
paper-2018-09,Network Structure And The Journey To Work: An Intra-Metropolitan Analysis,READY-TO-UPLOAD/PUBLIC,/Users/dlev2617/Documents/Code/Agents/github-packages/READY-TO-UPLOAD/PUBLIC/paper-2018-09-network-structure-and-the-journey-to-work-an-intra-metropolitan-analysis,data/derived_mcd_analysis/MCD_Results_July2012__Sheet1.csv,,column_18,,mixed_numeric_text,10,t-stats | -7.437 | -1.081 | 2.435 | 3.945,,,csv,medium,"Some headers were missing; generated column_N names. Delimiter `,`; sampled first 34 rows."
paper-2018-09,Network Structure And The Journey To Work: An Intra-Metropolitan Analysis,READY-TO-UPLOAD/PUBLIC,/Users/dlev2617/Documents/Code/Agents/github-packages/READY-TO-UPLOAD/PUBLIC/paper-2018-09-network-structure-and-the-journey-to-work-an-intra-metropolitan-analysis,data/derived_mcd_analysis/MCD_Results_July2012__Sheet1.csv,,column_19,,mixed_numeric_text,9,Beta | -0.801 | -0.053 | 0.149 | 0.264,,,csv,medium,"Some headers were missing; generated column_N names. Delimiter `,`; sampled first 34 rows."
paper-2018-09,Network Structure And The Journey To Work: An Intra-Metropolitan Analysis,READY-TO-UPLOAD/PUBLIC,/Users/dlev2617/Documents/Code/Agents/github-packages/READY-TO-UPLOAD/PUBLIC/paper-2018-09-network-structure-and-the-journey-to-work-an-intra-metropolitan-analysis,data/derived_mcd_analysis/MCD_Results_July2012__Sheet1.csv,,column_20,,mixed_numeric_text,13,LOG MODEL | Coef. | -0.152 | -0.012 | -0.06,,,csv,medium,"Some headers were missing; generated column_N names. Delimiter `,`; sampled first 34 rows."
paper-2018-09,Network Structure And The Journey To Work: An Intra-Metropolitan Analysis,READY-TO-UPLOAD/PUBLIC,/Users/dlev2617/Documents/Code/Agents/github-packages/READY-TO-UPLOAD/PUBLIC/paper-2018-09-network-structure-and-the-journey-to-work-an-intra-metropolitan-analysis,data/derived_mcd_analysis/MCD_Results_July2012__Sheet1.csv,,column_21,,text,8,Sig | *** | ** | *,,,csv,medium,"Some headers were missing; generated column_N names. Delimiter `,`; sampled first 34 rows."
paper-2018-09,Network Structure And The Journey To Work: An Intra-Metropolitan Analysis,READY-TO-UPLOAD/PUBLIC,/Users/dlev2617/Documents/Code/Agents/github-packages/READY-TO-UPLOAD/PUBLIC/paper-2018-09-network-structure-and-the-journey-to-work-an-intra-metropolitan-analysis,data/derived_mcd_analysis/MCD_Results_July2012__Sheet1.csv,,column_22,,mixed_numeric_text,9,t-stats | -4.229 | -1.997 | -1.931 | 1.734,,,csv,medium,"Some headers were missing; generated column_N names. Delimiter `,`; sampled first 34 rows."
paper-2018-09,Network Structure And The Journey To Work: An Intra-Metropolitan Analysis,READY-TO-UPLOAD/PUBLIC,/Users/dlev2617/Documents/Code/Agents/github-packages/READY-TO-UPLOAD/PUBLIC/paper-2018-09-network-structure-and-the-journey-to-work-an-intra-metropolitan-analysis,data/derived_mcd_analysis/MCD_Results_July2012__Sheet1.csv,,column_23,,mixed_numeric_text,8,Beta | -0.514 | -0.187 | -0.17 | 0.301,,,csv,medium,"Some headers were missing; generated column_N names. Delimiter `,`; sampled first 34 rows."
paper-2018-09,Network Structure And The Journey To Work: An Intra-Metropolitan Analysis,READY-TO-UPLOAD/PUBLIC,/Users/dlev2617/Documents/Code/Agents/github-packages/READY-TO-UPLOAD/PUBLIC/paper-2018-09-network-structure-and-the-journey-to-work-an-intra-metropolitan-analysis,data/derived_mcd_analysis/MCD_Results_July2012__Sheet2.csv,,pwa_l1ni_j~1,,text,46,pwa_emp_t_~1 | medhhinc_2~1 | area_km2 | Hierarchy | TopologyA,,,csv,medium,"Some headers were missing; generated column_N names. Delimiter `,`; sampled first 50 rows."
paper-2018-09,Network Structure And The Journey To Work: An Intra-Metropolitan Analysis,READY-TO-UPLOAD/PUBLIC,/Users/dlev2617/Documents/Code/Agents/github-packages/READY-TO-UPLOAD/PUBLIC/paper-2018-09-network-structure-and-the-journey-to-work-an-intra-metropolitan-analysis,data/derived_mcd_analysis/MCD_Results_July2012__Sheet2.csv,,-0.192,,numeric,45,-0.077 | 0.769 | 0.001 | -0.015 | 0.014,-79.232,145,csv,medium,"Some headers were missing; generated column_N names. Delimiter `,`; sampled first 50 rows."
paper-2018-09,Network Structure And The Journey To Work: An Intra-Metropolitan Analysis,READY-TO-UPLOAD/PUBLIC,/Users/dlev2617/Documents/Code/Agents/github-packages/READY-TO-UPLOAD/PUBLIC/paper-2018-09-network-structure-and-the-journey-to-work-an-intra-metropolitan-analysis,data/derived_mcd_analysis/MCD_Results_July2012__Sheet2.csv,,***,,text,25,* | *** | **,,,csv,medium,"Some headers were missing; generated column_N names. Delimiter `,`; sampled first 50 rows."
paper-2018-09,Network Structure And The Journey To Work: An Intra-Metropolitan Analysis,READY-TO-UPLOAD/PUBLIC,/Users/dlev2617/Documents/Code/Agents/github-packages/READY-TO-UPLOAD/PUBLIC/paper-2018-09-network-structure-and-the-journey-to-work-an-intra-metropolitan-analysis,data/derived_mcd_analysis/MCD_Results_July2012__Sheet2.csv,,-6.823,,numeric,33,-0.907 | 1.96 | 3.228 | -1.726 | 1.376,-7.92,78.751,csv,medium,"Some headers were missing; generated column_N names. Delimiter `,`; sampled first 50 rows."
paper-2018-09,Network Structure And The Journey To Work: An Intra-Metropolitan Analysis,READY-TO-UPLOAD/PUBLIC,/Users/dlev2617/Documents/Code/Agents/github-packages/READY-TO-UPLOAD/PUBLIC/paper-2018-09-network-structure-and-the-journey-to-work-an-intra-metropolitan-analysis,data/derived_mcd_analysis/MCD_Results_July2012__Sheet2.csv,,-0.714,,numeric,29,-0.041 | 0.121 | 0.209 | -0.098 | 0.095,-0.801,0.301,csv,medium,"Some headers were missing; generated column_N names. Delimiter `,`; sampled first 50 rows."
paper-2018-09,Network Structure And The Journey To Work: An Intra-Metropolitan Analysis,READY-TO-UPLOAD/PUBLIC,/Users/dlev2617/Documents/Code/Agents/github-packages/READY-TO-UPLOAD/PUBLIC/paper-2018-09-network-structure-and-the-journey-to-work-an-intra-metropolitan-analysis,data/derived_mcd_analysis/MCD_Results_July2012__Sheet2.csv,,column_6,,empty,0,,,,csv,medium,"Some headers were missing; generated column_N names. Delimiter `,`; sampled first 50 rows."
paper-2018-09,Network Structure And The Journey To Work: An Intra-Metropolitan Analysis,READY-TO-UPLOAD/PUBLIC,/Users/dlev2617/Documents/Code/Agents/github-packages/READY-TO-UPLOAD/PUBLIC/paper-2018-09-network-structure-and-the-journey-to-work-an-intra-metropolitan-analysis,data/derived_mcd_analysis/MCD_Results_July2012__Sheet2.csv,,column_7,,empty,0,,,,csv,medium,"Some headers were missing; generated column_N names. Delimiter `,`; sampled first 50 rows."
paper-2018-09,Network Structure And The Journey To Work: An Intra-Metropolitan Analysis,READY-TO-UPLOAD/PUBLIC,/Users/dlev2617/Documents/Code/Agents/github-packages/READY-TO-UPLOAD/PUBLIC/paper-2018-09-network-structure-and-the-journey-to-work-an-intra-metropolitan-analysis,data/derived_mcd_analysis/MCD_Results_July2012__Sheet2.csv,,column_8,,empty,0,,,,csv,medium,"Some headers were missing; generated column_N names. Delimiter `,`; sampled first 50 rows."
paper-2018-09,Network Structure And The Journey To Work: An Intra-Metropolitan Analysis,READY-TO-UPLOAD/PUBLIC,/Users/dlev2617/Documents/Code/Agents/github-packages/READY-TO-UPLOAD/PUBLIC/paper-2018-09-network-structure-and-the-journey-to-work-an-intra-metropolitan-analysis,data/derived_mcd_analysis/MCD_Results_July2012__Sheet2.csv,,column_9,,empty,0,,,,csv,medium,"Some headers were missing; generated column_N names. Delimiter `,`; sampled first 50 rows."
paper-2018-09,Network Structure And The Journey To Work: An Intra-Metropolitan Analysis,READY-TO-UPLOAD/PUBLIC,/Users/dlev2617/Documents/Code/Agents/github-packages/READY-TO-UPLOAD/PUBLIC/paper-2018-09-network-structure-and-the-journey-to-work-an-intra-metropolitan-analysis,data/derived_mcd_analysis/MCD_Results_July2012__Sheet2.csv,,column_10,,empty,0,,,,csv,medium,"Some headers were missing; generated column_N names. Delimiter `,`; sampled first 50 rows."
paper-2018-09,Network Structure And The Journey To Work: An Intra-Metropolitan Analysis,READY-TO-UPLOAD/PUBLIC,/Users/dlev2617/Documents/Code/Agents/github-packages/READY-TO-UPLOAD/PUBLIC/paper-2018-09-network-structure-and-the-journey-to-work-an-intra-metropolitan-analysis,data/derived_mcd_analysis/MCD_Results_July2012__Sheet2.csv,,column_11,,empty,0,,,,csv,medium,"Some headers were missing; generated column_N names. Delimiter `,`; sampled first 50 rows."
paper-2018-09,Network Structure And The Journey To Work: An Intra-Metropolitan Analysis,READY-TO-UPLOAD/PUBLIC,/Users/dlev2617/Documents/Code/Agents/github-packages/READY-TO-UPLOAD/PUBLIC/paper-2018-09-network-structure-and-the-journey-to-work-an-intra-metropolitan-analysis,data/derived_mcd_analysis/MCD_Results_July2012__Sheet2.csv,,column_12,,empty,0,,,,csv,medium,"Some headers were missing; generated column_N names. Delimiter `,`; sampled first 50 rows."
paper-2018-09,Network Structure And The Journey To Work: An Intra-Metropolitan Analysis,READY-TO-UPLOAD/PUBLIC,/Users/dlev2617/Documents/Code/Agents/github-packages/READY-TO-UPLOAD/PUBLIC/paper-2018-09-network-structure-and-the-journey-to-work-an-intra-metropolitan-analysis,data/derived_mcd_analysis/MCD_Results_July2012__Sheet2.csv,,column_13,,empty,0,,,,csv,medium,"Some headers were missing; generated column_N names. Delimiter `,`; sampled first 50 rows."
