cityname,countyname,name,pop2000,popdes,labdens,averageemployment,empdensavgemparea,medhhinc99,auto_ms,origlinks,orignodes,simplinks,simpnodes,javalinks,javanodes,cycno_u,alpha,beta,gamma,eta,branchness,circuitness,completeness,completeness*103,netwdist,eucldist,cnt_od_pairs,circuity,ent_h,ent_len,ptagefwy,nonlocal_meters,local_meters,totfwy_meters,totrdwy_meters,area_km2,stdens_km2,a10_a19,a20_a29,a30_a39,a40_a49,a50_a59,a60_a69,a70_a75,a_other,l10_a19,l20_l29,l30_l39,l40_l49,l50_l59,l60_l69,l70_l75,l_other,dvmt,centline_mi,avg_veh_mi_pday,dvktpercap,aggtt,no_wrks,avg_tt,spd_ph3_mp,spd_ph3_md,spd_ph3_ap,xcoord,ycoord,cblk_p,cblk_a,avgcblka,p2a,accessibility_mp_pop,accessibility_mp_labor,accessibility_mp_emp,pop_l1n1_p20,pop_l1n1_p30,lab_l1n1_l20,lab_l1n1_l30,emp_l1n1_j20,emp_l1n1_j30,pwa_l1n1_p20,pwa_l1n1_p30,pwa_l1n1_l20,pwa_l1n1_l30,pwa_l1n1_j20,pwa_l1n1_j30,_merge,dtwnmplstaz,mplsxcoord,mplsycoord,dtwnsplstaz,splxcoord,splycoord,dtwnmplsdist,dtwnspldist,dtwnmplsdist_km,dtwnspldist_km,theta (dvkt/simpnodes)
Afton City,Washington,Afton City,2839,42,21.32353,335,4.910676,89095,0.89,358,325,294,261,588,261,34,0.065764,1.126437,0.3783784,0.4899587,0.3594256,0.6405744,0.004332,=X2*1000,74484733,51819968,12450,1.44,0.4,0.54,2.69,13764.8,130283,3881,144048,68,2,3,0,17,274,0,0,0,0,3881,0,9883,130283,0,0,0,0,52718,67,195690,111,39845,1450,27.47931,27.02106,27.02106,27.02106,514410.8,4972322,287.9919,68.21871,0.8745988,4.221597,29916.71,15279.76,3530.151,635100000,2217000000,195200000,682300000,42144621,179000000,223695,780876,128147,447891,120070,508971,3,402,478480,4980091,816,492625,4977029,36761.07,22288.45,36.76107,22.28844,=(BF2*D2)/N2
Andover City,Anoka,Andover City,26588,295,153.3111,3303,36.60199,76241,0.89,1812,1484,1470,1142,2940,1142,329,0.1443616,1.287215,0.4298246,0.2482119,0.1770647,0.8229353,0.001128,=X3*1000,84663718,60392938,12400,1.4,0.02,0.07,0,0,364871.5,0,364872,90,4,0,0,0,1454,0,0,0,16,0,0,0,361786,0,0,0,3085,404927,208,412153,25,420040,13798,30.44209,26.39567,26.39567,26.39567,474383.1,5011560,799.9976,90.24098,0.2074505,8.865126,212477.3,110266.3,26395.84,7452000000,20110000000,2647000000,7453000000,316700000,1430000000,326872,881994,216746,610312,120610,545456,3,402,478480,4980091,816,492625,4977029,31734.57,39053.27,31.73457,39.05327,=(BF3*D3)/N3
Anoka City,Anoka,Anoka City,18076,993,502,13297,730.5751,42659,0.85,970,698,866,594,1732,594,273,0.2307692,1.457912,0.4876126,0.1619584,0.1390972,0.8609028,0.002459,=X4*1000,36558935,26393579,12500,1.39,0.57,0.67,0,12286.54,127969.4,0,140256,18,8,0,52,11,787,0,12,4,0,0,9965,2322,124541,0,2752,676,0,403745,82,399442,36,229630,9036,25.41279,27.11436,27.11436,27.11436,469410.4,5006344,338.3242,18.20073,0.0514145,18.5885,774121.8,386975.3,569456.6,9354000000,26120000000,3473000000,9228000000,2888000000,12900000000,452257,1262973,320366,851095,192332,858725,3,402,478480,4980091,816,492625,4977029,27775.02,37393.3,27.77502,37.3933,=(BF4*D4)/N4
Apple Valley City,Dakota,Apple Valley City,45527,1006,560.5778,11789,260.5437,69752,0.88,2215,1795,2091,1671,4182,1671,421,0.1261612,1.251346,0.4176153,0.1633612,0.2116656,0.7883344,0.000749,=X5*1000,56320095,42430485,12500,1.33,0.36,0.35,0.68,2337.32,339251,2337,341588,45,8,2,0,0,1965,0,10,114,0,2337,0,0,324467,0,2926,11858,0,797497,185,801185,28,601585,25226,23.84782,25.04644,25.04644,25.04644,484130.1,4954711,583.9274,45.24768,0.0979387,12.90513,728754.9,403794.9,188707.6,25740000000,75110000000,10350000000,26010000000,4001000000,13900000000,565375,1649703,394766,991791,330510,1150271,3,402,478480,4980091,816,492625,4977029,26001.79,23880.52,26.00179,23.88052,=(BF5*D5)/N5
Arden Hills City,Ramsey,Arden Hills City,9652,388,186.48,12231,491.1085,64773,0.82,770,613,623,466,1246,466,158,0.1704423,1.33691,0.4475575,0.2579015,0.1565084,0.8434916,0.002875,=X6*1000,53437359,39839265,12500,1.34,0.96,0.98,7.06,18436.51,142236.1,11338,160673,25,6,39,13,12,523,0,31,5,0,11338,3294,3804,133271,0,8557,408,0,916443,55,910276,152,84620,4662,18.15101,28.20453,28.20453,28.20453,486853.1,4990984,228.6519,24.90488,0.1399151,9.181007,348570.7,168362.7,441708.3,14650000000,24490000000,4211000000,6972000000,11830000000,20500000000,1401343,2342739,777700,1287451,905557,1565794,3,402,478480,4980091,816,492625,4977029,13738.82,15101.09,13.73882,15.10109,=(BF6*D6)/N6
Bayport City,Washington,Bayport City,3162,711,210.25,5286,1188.447,53026,0.81,263,200,208,145,416,145,64,0.2245614,1.434483,0.4848485,0.1677622,0.2556535,0.7443465,0.009962,=X7*1000,15696521,11202152,11059,1.4,0.48,0.61,0,4642.19,30252.35,0,34895,4,8,0,0,19,188,0,0,1,0,0,0,4642,30081,0,0,171,0,33364,17,36661,19,15435,841,18.35315,27.45571,27.45571,27.45571,517082.4,4984847,88.89001,4.447822,0.0423602,19.98507,555218.1,147671.9,928173,571100000,2426000000,81947775,342600000,536600000,2420000000,198627,843994,112157,468850,109503,494055,3,402,478480,4980091,816,492625,4977029,38894.29,25676.56,38.89428,25.67656,=(BF7*D7)/N7
Baytown Township,Washington,Baytown Township,1533,64,32.41667,159,6.673131,99362,0.9,145,144,124,123,248,123,2,0.0082988,1.00813,0.3415978,0.3830038,0.600069,0.399931,0.008263,=X8*1000,50776762,31338945,12058,1.62,0.23,0.27,0,1467.34,46025.13,0,47492,24,2,0,0,3,120,0,0,1,0,0,0,1467,45640,0,0,385,0,0,0,39505,41,15730,778,20.21851,26.60314,26.60314,26.60314,514229.5,4983928,143.5146,23.82689,0.4412388,6.023218,35283.1,17906.23,3659.5,614700000,2491000000,189300000,706400000,141200000,644000000,233897,947923,142659,532246,124659,568487,3,402,478480,4980091,816,492625,4977029,35954.86,22679.33,35.95486,22.67933,=(BF8*D8)/N8
Belle Plaine City,Scott,Belle Plaine City,3789,348,165,1436,131.8963,50272,0.86,400,285,364,249,728,249,116,0.2352941,1.461847,0.4912281,0.1629161,0.2566875,0.7433125,0.005895,=X9*1000,21523734,16510155,12400,1.3,0.29,0.39,0,3172.77,56128.68,0,59301,11,5,0,10,0,349,0,0,5,0,0,3173,0,55439,0,0,690,0,60451,29,62807,27,44415,1815,24.47108,26.96665,26.96665,26.96665,439279.3,4941333,152.5734,10.64976,0.0678329,14.32647,302908.5,145098.7,114799.8,165900000,833200000,43013935,265100000,16750440,123000000,43795,219911,22671,139700,11730,85826,3,402,478480,4980091,816,492625,4977029,55126.36,64187.25,55.12635,64.18725,=(BF9*D9)/N9
Belle Plaine Township,Scott,Belle Plaine Township,806,8,3.333333,0,0,51000,0.82,186,165,126,105,252,105,22,0.1073171,1.2,0.407767,1.115361,0.1950395,0.8049605,0.011538,=X10*1000,100942315,65854787,12104,1.53,0.54,0.56,0,15027.34,125508.2,0,140536,102,1,0,3,7,115,0,0,1,0,0,2068,12960,125371,0,0,138,0,0,0,20093,40,8215,340,24.16176,28.72402,28.72402,28.72402,443448,4937027,379.2676,101.7252,1.11786,3.728354,5659.745,2387.485,0,36895456,165100000,9829585,52234179,905905,6037262,45776,204790,23780,126365,11765,78406,3,402,478480,4980091,816,492625,4977029,55513.52,63391.96,55.51352,63.39196,=(BF10*D10)/N10
Benton Township,Carver,Benton Township,939,10,5.011111,271,2.996858,62574,0.77,312,296,234,218,468,218,17,0.0394432,1.073395,0.3611111,0.6125904,0.3579702,0.6420298,0.004947,=X11*1000,84995844,60095975,11424,1.41,1.2,0.97,0,9058.59,134287.5,0,143346,90,2,0,14,0,143,0,0,77,0,0,9059,0,110692,0,0,23596,0,0,0,81493,140,10870,451,24.102,29.36596,29.36596,29.36596,434363.8,4956657,397.6055,90.42804,0.7176828,4.396927,9106.131,4373.658,2628.074,177200000,549500000,56611959,195300000,18999360,57400000,90844,281655,52544,181284,32985,99609,3,402,478480,4980091,816,492625,4977029,49954.09,61720.35,49.95409,61.72035,=(BF11*D11)/N11
Bethel City,Anoka,Bethel City,443,177,59.33333,247,98.57632,45125,0.86,42,37,36,31,72,31,6,0.1052632,1.16129,0.4137931,0.222189,0.6261001,0.3738999,0.03871,=X12*1000,11207232,8070905,12500,1.39,0,0,0,0,7998.81,0,7999,3,3,0,0,0,36,0,0,0,0,0,0,0,7999,0,0,0,0,3941,4,3942,14,5815,178,32.66854,27.43398,27.43398,27.43398,478814.4,5027733,22.52332,2.505673,0.1566045,8.988932,140375.8,56403.82,78268.23,,,,,,,,,,,,,1,402,478480,4980091,816,492625,4977029,47643.17,52551.2,47.64317,52.5512,=(BF12*D12)/N12
Birchwood Village City,Washington,Birchwood Village City,968,1104,486,24,27.37228,81941,0.86,67,55,62,50,124,50,13,0.1368421,1.24,0.4305556,0.1395922,0.248531,0.751469,0.025306,=X13*1000,9858686,7723329,12500,1.28,0,0,0,0,8654.72,0,8655,1,10,0,0,0,62,0,0,0,0,0,0,0,8655,0,0,0,0,3799,4,3763,6,12480,486,25.67901,26.21056,26.21056,26.21056,501738.7,4989596,18.85377,0.8767993,0.0626285,21.50295,946861.3,475386.9,23475.9,,,,,,,,,,,,,1,402,478480,4980091,816,492625,4977029,25125.7,15523.39,25.1257,15.52339,=(BF13*D13)/N13
Blaine City,Anoka,Blaine City,44942,510,283.2841,17419,197.7543,59219,0.87,2702,2116,2205,1619,4410,1619,587,0.1815651,1.361952,0.4545455,0.2013153,0.1914283,0.8085717,0.000842,=X14*1000,94647347,68041603,12500,1.39,0.29,0.45,2.68,23470.11,420430.1,11903,443900,88,5,29,35,0,2122,0,18,1,0,11903,11567,0,415183,0,5027,220,0,1224011,226,1249883,45,661835,24929,26.5488,26.37129,26.37129,26.37129,483676.3,5001808,906.4039,88.08407,0.1135104,10.29021,373024.7,206914.1,144580.1,27940000000,72990000000,10790000000,25630000000,7653000000,21100000000,625268,1633503,423273,1005871,408800,1126480,3,402,478480,4980091,816,492625,4977029,22330.02,26345.36,22.33002,26.34536,=(BF14*D14)/N14
Blakeley Township,Scott,Blakeley Township,496,7,2.972603,79,1.087413,59583,0.83,118,104,83,69,166,69,15,0.112782,1.202899,0.4129353,1.071265,0.1918219,0.8081781,0.01769,=X15*1000,81702919,56260115,12500,1.45,0.86,0.96,0,18819.05,70095.98,0,88915,73,1,0,9,6,68,0,0,0,0,0,9091,9728,70096,0,0,0,0,0,0,109570,356,5845,217,26.93548,28.94602,28.94602,28.94602,433470.8,4936820,304.342,70.88322,1.143278,4.29357,5517.475,2413.895,878.7914,6892912,57067280,1777132,15656372,322000,2019500,13897,115055,7036,61983,4600,28850,3,402,478480,4980091,816,492625,4977029,62435.59,71526.06,62.43559,71.52606,=(BF15*D15)/N15
Bloomington City,Hennepin,Bloomington City,85172,857,461.9192,103685,1043.745,54628,0.87,4287,3177,3852,2742,7704,2742,1111,0.2027742,1.404814,0.4686131,0.1837195,0.1260429,0.8739571,0.000513,=X16*1000,80224913,62737227,12450,1.28,0.28,0.4,3.89,27515.65,680172,27516,707688,99,7,76,0,0,3704,0,67,5,0,27516,0,0,664838,0,13478,1856,0,3793210,419,3191342,60,923660,45730,20.19812,26.10911,26.10911,26.10911,475081.4,4964179,1528.465,99.33942,0.0792813,15.38629,727075,390376.4,885112.2,93320000000,189700000000,30730000000,58080000000,111500000000,176000000000,1067909,2170712,632356,1194990,1008158,1589080,3,402,478480,4980091,816,492625,4977029,16271.4,21746.59,16.27139,21.74659,=(BF16*D16)/N16
Brooklyn Center City,Hennepin,Brooklyn Center City,29172,1345,648.6364,16587,764.4972,44570,0.83,1467,1020,1305,858,2610,858,448,0.2618352,1.520979,0.5081776,0.1684254,0.0711027,0.9288973,0.001775,=X17*1000,39056298,29584788,12500,1.32,0.67,0.73,5.91,15158.13,204637,12996,219795,22,10,53,0,10,1152,0,90,0,0,12996,0,2163,190815,0,13822,0,0,1291464,125,1285300,71,324475,14270,22.73826,26.88479,26.88479,26.88479,475117.4,4990562,462.3492,21.69661,0.0436552,21.30974,1134306,554865.6,644958.4,37720000000,69080000000,10770000000,19050000000,15670000000,26600000000,1218815,2232318,690142,1220381,919950,1564341,3,402,478480,4980091,816,492625,4977029,10997.2,22127.91,10.9972,22.12791,=(BF17*D17)/N17
Brooklyn Park City,Hennepin,Brooklyn Park City,67388,981,524.913,23559,342.9158,56572,0.85,2757,2151,2351,1745,4702,1745,607,0.174175,1.347278,0.449608,0.1958085,0.1279031,0.8720969,0.000773,=X18*1000,71565463,52962719,12500,1.35,0.18,0.36,1.7,19508.64,440837.1,7806,460346,69,7,21,8,9,2305,0,8,0,0,7806,6390,5312,438677,0,2160,0,0,1629593,254,1583093,38,864360,36219,23.86482,26.10463,26.10463,26.10463,472426.6,4995365,956.0455,68.702,0.0841936,13.91583,744679.6,400242.6,260341.7,62750000000,131300000000,20680000000,40280000000,17130000000,32800000000,964017,2017238,571059,1112542,736788,1409085,3,402,478480,4980091,816,492625,4977029,16429.34,27279.39,16.42934,27.27939,=(BF18*D18)/N18
Burns Township,Anoka,Burns Township,3557,39,19.52747,321,3.523328,63819,0.85,379,337,280,238,560,238,43,0.0912951,1.176471,0.3954802,0.5559053,0.2463206,0.7536794,0.004964,=X19*1000,78573471,58137072,11864,1.35,0.64,0.57,0,7525.76,148127.7,0,155653,91,2,0,0,10,246,0,0,24,0,0,0,7526,140156,0,0,7971,0,0,0,88053,40,57040,1777,32.09904,27.99842,27.99842,27.99842,464781,5021050,403.232,91.10704,0.8595004,4.425914,34083.25,17027.25,3075.829,299400000,913300000,93572083,367900000,6604152,26100000,84481,257710,49063,192895,19597,77453,3,402,478480,4980091,816,492625,4977029,43188.68,52087.38,43.18868,52.08738,=(BF19*D19)/N19
Burnsville City,Dakota,Burnsville City,60220,862,484.7429,32063,458.9404,57965,0.87,2738,2199,2518,1979,5036,1979,540,0.1366051,1.27236,0.424549,0.1809707,0.2207203,0.7792797,0.000643,=X20*1000,66671669,51161269,12500,1.3,0.55,0.68,3.63,26323.82,429360.3,16552,455684,70,7,44,0,32,2318,0,47,77,0,16552,0,9772,408379,0,12005,8976,0,1541442,264,1538892,41,759420,33932,22.38064,26.05156,26.05156,26.05156,477894.9,4956862,909.7203,69.8631,0.1100206,13.02147,700725.4,394835.8,373088,46630000000,114800000000,17890000000,37940000000,18470000000,44200000000,774347,1906916,507814,1077018,581400,1392227,3,402,478480,4980091,816,492625,4977029,23236.37,24973.66,23.23637,24.97366,=(BF20*D20)/N20
Camden Township,Carver,Camden Township,955,11,5.3,31,0.3455431,60563,0.83,382,367,275,260,550,260,16,0.031068,1.057692,0.3552971,0.5625877,0.3747434,0.6252567,0.004084,=X21*1000,102988917,63036684,12350,1.63,1.09,1.02,0,8082.25,146629.4,0,154712,90,2,0,0,7,171,0,0,97,0,0,0,8082,113809,0,0,32821,0,0,0,26551,45,13675,477,28.66876,27.9097,27.9097,27.9097,424928.6,4966335,371.1302,89.69728,0.9343467,4.137586,6318.989,3156.186,205.119,58254380,215000000,17038583,66087500,1677730,4893773,31540,116432,16700,64776,12070,35207,3,402,478480,4980091,816,492625,4977029,55290.13,68535.98,55.29013,68.53598,=(BF21*D21)/N21
Carver City,Carver,Carver City,1266,124,69.8,176,17.25692,65083,0.88,152,134,124,106,248,106,19,0.0917874,1.169811,0.3974359,0.2431433,0.6431491,0.3568509,0.011141,=X22*1000,31636817,20553202,12500,1.54,0.52,0.74,0,3295.81,26853.96,0,30150,10,3,0,5,0,113,0,0,6,0,0,3296,0,25568,0,0,1286,0,25230,11,29825,38,19545,698,28.00143,25.44406,25.44406,25.44406,450352.2,4956401,85.60853,10.19881,0.2317911,8.393973,68995.08,38039.94,9591.732,260700000,723700000,96632878,307300000,15293520,62000000,205911,571604,135000,429376,86895,352483,3,402,478480,4980091,816,492625,4977029,36774.86,47037.27,36.77486,47.03727,=(BF22*D22)/N22
Castle Rock Township,Dakota,Castle Rock Township,1495,16,8.408602,990,10.68116,59479,0.84,360,322,299,261,598,261,39,0.0754352,1.145594,0.3848134,0.4855933,0.2451651,0.7548349,0.004406,=X23*1000,88636874,65149461,12350,1.36,1.17,0.83,0,9494.76,135697.6,0,145192,93,2,0,0,16,196,0,1,86,0,0,0,9495,120173,0,94,15431,0,0,0,37573,40,19570,782,25.02558,30.20586,30.20586,30.20586,492392.4,4937052,347.4832,92.68658,0.8998697,3.749012,16172.87,8459.655,10709.79,97334965,388600000,29597883,140300000,7463080,29100000,65107,259963,34755,164774,21695,84574,3,402,478480,4980091,816,492625,4977029,45232.22,39978.18,45.23222,39.97818,=(BF23*D23)/N23
Cedar Lake Township,Scott,Cedar Lake Township,2197,23,12.10638,80,0.8526506,75926,0.86,232,204,149,121,298,121,29,0.1223629,1.231405,0.417367,0.9330833,0.2664583,0.7335417,0.010262,=X24*1000,89503145,63969613,12500,1.4,0.64,0.55,0,17727.05,121302.4,0,139029,94,1,0,0,24,125,0,0,0,0,0,0,17727,121302,0,0,0,0,0,0,92051,67,34070,1138,29.93849,29.15828,29.15828,29.15828,463414.1,4937192,378.6483,93.82507,0.9672688,4.035684,20686.8,10715.33,753.2747,170900000,957200000,50619820,346300000,2776410,15200000,77780,435694,41396,283186,30510,167002,3,402,478480,4980091,816,492625,4977029,45468.11,49399.43,45.46811,49.39943,=(BF24*D24)/N24
Centerville City,Anoka,Centerville City,3202,509,301.6667,349,55.53213,63696,0.89,185,160,166,141,332,141,26,0.0938628,1.177305,0.3980815,0.1817937,0.3817437,0.6182563,0.008409,=X25*1000,22207218,16052494,12500,1.38,0.56,0.3,0,0,30177.76,0,30178,6,5,0,0,0,144,0,0,22,0,0,0,0,28602,0,0,1575,0,25163,13,24612,12,49795,1810,27.51105,25.83564,25.83564,25.83564,495753,5001173,81.88255,6.28465,0.1185783,13.02898,361462.3,204324.4,39397.36,,,,,,,,,,,,,1,402,478480,4980091,816,492625,4977029,27254.47,24345.78,27.25447,24.34578,=(BF25*D25)/N25
Champlin City,Carver/Hennepin,Champlin City,22193,979,533.913,2722,120.0462,65831,0.88,1106,888,1008,790,2016,790,219,0.1390476,1.275949,0.426396,0.1655755,0.1981488,0.8018512,0.001617,=X26*1000,43601041,32960875,12500,1.32,0.12,0.18,0,4600.23,162299.9,0,166900,23,7,0,16,0,992,0,0,0,0,0,4600,0,162300,0,0,0,0,258375,88,249767,18,345900,12280,28.16775,26.0821,26.0821,26.0821,469323.6,5001951,333.6427,22.6746,0.082754,14.71438,774021.2,428287.3,94934.7,12350000000,30880000000,4493000000,10890000000,678800000,2540000000,556645,1391545,354423,858819,248264,928108,3,402,478480,4980091,816,492625,4977029,23699.72,34117.96,23.69972,34.11796,=(BF26*D26)/N26
Chanhassen City,Carver,Chanhassen City,20321,345,171.6949,8387,142.1956,84215,0.89,1831,1566,1612,1347,3224,1347,266,0.0989215,1.196733,0.3995043,0.1740896,0.3902869,0.6097131,0.000889,=X27*1000,82975274,55330274,12500,1.5,0.64,0.77,0,25308.25,255324.3,0,280632,59,5,0,8,112,1434,3,1,54,0,0,4155,21153,242157,192,261,12714,0,494635,126,503188,40,242505,10130,23.93929,26.11281,26.11281,26.11281,455587.2,4966951,526.6538,58.98215,0.1872449,8.929037,212494.5,105928.3,87701.95,7519000000,24070000000,2578000000,8282000000,2046000000,7580000000,369593,1183291,240894,773967,244516,905789,3,402,478480,4980091,816,492625,4977029,26395.87,38384.48,26.39587,38.38448,=(BF27*D27)/N27
Chaska City,Carver,Chaska City,17449,467,238.4324,10690,286.3451,60325,0.89,1185,991,998,804,1996,804,195,0.1216469,1.241294,0.4147964,0.1802262,0.3383421,0.6616579,0.001546,=X28*1000,53543439,37166290,12500,1.44,0.49,0.63,0,12060.63,167805.2,0,179866,37,5,0,15,17,926,2,0,38,0,0,4503,7558,162056,456,0,5293,0,264958,88,341082,31,214830,8822,24.35162,26.12374,26.12374,26.12374,452238.9,4963204,401.8367,37.33257,0.1212097,10.7637,312627.2,158060.5,191528.7,4821000000,14290000000,1689000000,5803000000,1053000000,5390000000,272401,807495,180745,620949,100071,512491,3,402,478480,4980091,816,492625,4977029,31205.19,42686.82,31.20519,42.68682,=(BF28*D28)/N28
Circle Pines City,Anoka,Circle Pines City,4663,928,501.8,2026,403.3833,60469,0.86,203,156,177,130,354,130,48,0.1882353,1.361538,0.4609375,0.1946684,0.1586759,0.8413241,0.010555,=X29*1000,18240635,12158725,11914,1.5,0,0,0,0,34456.3,0,34456,5,7,0,0,0,177,0,0,0,0,0,0,0,34456,0,0,0,0,39771,21,40383,14,68985,2509,27.49502,24.97721,24.97721,24.97721,488167.9,4998617,87.84928,5.022518,0.0784768,17.49108,523498.8,281676.8,227452,1898000000,5027000000,673000000,1565000000,420000000,1260000000,679672,1800567,453963,1055839,367764,1104141,3,402,478480,4980091,816,492625,4977029,20906.19,22043.3,20.90619,22.0433,=(BF29*D29)/N29
Coates City,Dakota,Coates City,163,45,22.5,230,63.91168,48958,0.72,22,20,15,13,30,13,3,0.1428571,1.153846,0.4545455,0.5088247,0.6248727,0.3751273,0.096154,=X30*1000,11880513,9589604,12500,1.24,0.84,0.87,0,2249.8,5382.57,0,7632,4,2,0,4,0,11,0,0,0,0,0,2250,0,5383,0,0,0,0,40070,4,40727,402,3440,90,38.22222,32.06351,32.06351,32.06351,497456.5,4951409,27.25484,3.598716,0.299893,7.573491,61713.58,34074.98,87080.51,,,,,,,,,,,,,1,402,478480,4980091,816,492625,4977029,34391.35,26071.59,34.39135,26.07159,=(BF30*D30)/N30
Cologne City,Carver,Cologne City,1012,457,273,291,131.2926,54583,0.88,133,110,113,90,226,90,24,0.1371429,1.255556,0.4280303,0.1394471,0.3313808,0.6686192,0.014107,=X31*1000,13843170,9844052,12202,1.41,0.4,0.61,0,841.77,14915.75,0,15758,2,7,0,4,0,106,0,0,3,0,0,842,0,14033,0,0,883,0,11555,7,11174,18,14720,546,26.95971,29.06361,29.06361,29.06361,437802.5,4958075,47.65025,2.216424,0.0382142,21.49871,396726.5,214044.1,114078.5,,,,,,,,,,,,,1,402,478480,4980091,816,492625,4977029,46253.25,58006.56,46.25325,58.00656,=(BF31*D31)/N31
Columbia Heights City,Anoka,Columbia Heights City,18520,2038,1025.222,6345,698.2175,40562,0.83,817,521,766,470,1532,470,297,0.3176471,1.629787,0.545584,0.1515709,0.0540627,0.9459373,0.003475,=X32*1000,25788447,19859955,12500,1.3,0.17,0.23,0,4445.35,111658,0,116103,9,13,0,20,0,746,0,0,0,0,0,4445,0,111658,0,0,0,0,159549,67,155363,14,192355,9227,20.84697,26.35645,26.35645,26.35645,480530.5,4988360,212.9906,9.087425,0.0334097,23.43794,1707921,850917.4,585138.3,24310000000,43880000000,6982000000,12250000000,7052000000,12400000000,1245086,2246833,705463,1237467,882217,1553146,3,402,478480,4980091,816,492625,4977029,8519.436,16573.15,8.519436,16.57315,=(BF32*D32)/N32
Coon Rapids City,Anoka,Coon Rapids City,61607,1018,544.3934,21496,355.0878,55550,0.88,2881,2254,2483,1856,4966,1856,628,0.1694092,1.337823,0.4464222,0.1789792,0.1408715,0.8591285,0.000721,=X33*1000,66264017,51655856,12500,1.28,0.3,0.42,0.03,17783.79,426621.7,112,444405,61,7,1,32,12,2393,0,29,16,0,112,12911,4761,418849,0,6183,1589,0,1413422,245,1420743,37,866490,33208,26.09281,26.38093,26.38093,26.38093,475674.9,5002502,944.7296,60.53713,0.0779114,15.60579,875507.3,471924.4,305483.2,34180000000,93130000000,11990000000,31300000000,4412000000,15600000000,560855,1528165,356354,930491,284335,1002148,3,402,478480,4980091,816,492625,4977029,22585.37,30596.63,22.58537,30.59663,=(BF33*D33)/N33
Corcoran City,Hennepin,Corcoran City,5630,60,31.63441,1603,17.15731,78984,0.88,442,401,350,309,700,309,42,0.0685155,1.132686,0.3800217,0.5191128,0.3002366,0.6997634,0.003678,=X34*1000,86728169,64735326,12500,1.34,0.13,0.15,0,2681.65,179007.8,0,181689,93,2,0,0,3,344,0,0,2,1,0,0,2682,178391,0,0,407,210,174705,93,175305,50,82235,2942,27.95207,27.27209,27.27209,27.27209,454084.6,4995211,426.0013,93.42957,0.6770259,4.559598,50793.82,26542.71,14462.25,1130000000,4787000000,366900000,1605000000,209500000,860000000,199302,844003,117071,512036,116921,479879,3,402,478480,4980091,816,492625,4977029,28700.76,42613.7,28.70076,42.6137,=(BF34*D34)/N34
Cottage Grove City,Washington,Cottage Grove City,30582,315,166.9588,6062,62.498,65825,0.89,1281,1000,1173,892,2346,892,282,0.158516,1.315022,0.4393258,0.2512944,0.2195766,0.7804234,0.001476,=X35*1000,76000068,52792086,12500,1.44,0.4,0.67,2.53,22258.45,272509.9,7446,294768,97,3,7,11,5,1110,0,5,35,0,7446,5401,9412,266255,0,1395,4859,0,503237,172,517887,27,416760,16195,25.73387,26.31248,26.31248,26.31248,505741.1,4962530,678.219,96.99509,0.2844431,6.992302,214258.1,113462.5,42470.48,11780000000,42240000000,3716000000,13570000000,1313000000,5400000000,357205,1281347,207361,757216,200879,825914,3,402,478480,4980091,816,492625,4977029,32427.68,19551.27,32.42768,19.55127,=(BF35*D35)/N35
Credit River Township,Scott,Credit River Township,3895,63,33.45161,305,4.94084,78501,0.89,328,280,293,245,586,245,49,0.1010309,1.195918,0.4019204,0.4216298,0.3533636,0.6466364,0.004901,=X36*1000,67072868,47042102,11253,1.43,0,0,0,0,123537.5,0,123538,62,2,0,0,0,293,0,0,0,0,0,0,0,123538,0,0,0,0,0,0,99817,41,50045,2074,24.1297,26.46645,26.46645,26.46645,471557.7,4946795,307.2693,61.73039,0.6235393,4.977602,44224.92,23548.78,3463.056,1318000000,3941000000,473100000,1425000000,35935085,194000000,338821,1013317,220165,663089,135604,732745,3,402,478480,4980091,816,492625,4977029,34007.97,36850.05,34.00797,36.85006,=(BF36*D36)/N36
Crystal City,Hennepin,Crystal City,22698,1498,820.6667,5539,365.5855,48736,0.87,1267,909,1098,740,2196,740,359,0.2433898,1.483784,0.495935,0.1537863,0.1088607,0.8911393,0.002008,=X37*1000,42202676,30495074,11239,1.38,0.08,0.16,0.88,1477.95,167379.4,1478,168857,15,11,3,0,0,1090,1,3,1,0,1478,0,0,165829,306,1190,54,0,244893,102,244595,17,268895,12310,21.84362,26.3139,26.3139,26.3139,471667.9,4987213,372.0401,15.15104,0.0291928,24.55542,1101749,597521.1,268860.2,33230000000,69040000000,10740000000,21070000000,10790000000,19100000000,1055669,2193317,617602,1211864,868771,1533417,3,402,478480,4980091,816,492625,4977029,9855.329,23300.51,9.85533,23.30051,=(BF37*D37)/N37
Dahlgren Township,Carver,Dahlgren Township,1453,16,7.989247,169,1.811688,63224,0.83,397,374,291,268,582,268,24,0.0451977,1.085821,0.3646617,0.5350335,0.3449766,0.6550234,0.004067,=X38*1000,95119260,64483365,12250,1.48,1.17,0.96,0,10020.97,145673.8,0,155695,93,2,0,23,0,196,0,0,72,0,0,10021,0,121011,0,0,24663,0,0,0,80360,89,20530,743,27.63123,28.30816,28.30816,28.30816,444068.3,4956792,446.8284,93.28316,0.7583997,4.790022,11668.95,5966.984,1357.228,180000000,562700000,66995223,236900000,9475637,31000000,123861,387272,83763,296246,46678,152936,3,402,478480,4980091,816,492625,4977029,41557.33,52605.08,41.55733,52.60508,=(BF38*D38)/N38
Dayton City,Hennepin,Dayton City,4686,72,38.36923,1053,16.23589,66875,0.89,352,314,272,234,544,234,39,0.0842333,1.162393,0.3908046,0.4099774,0.3822333,0.6177667,0.004989,=X39*1000,91408171,57781496,12350,1.58,0.07,0.13,1.58,1764.55,109749.3,1765,111514,65,2,1,0,0,270,0,0,1,0,1765,0,0,109624,0,0,125,0,190916,64,192478,66,73490,2494,29.46672,27.48296,27.48296,27.48296,462636.3,5004216,335.175,64.85633,0.5450112,5.167961,44358.02,23608.38,9967.774,1360000000,4077000000,450300000,1332000000,152000000,552000000,290178,870052,175367,518559,143785,522672,3,402,478480,4980091,816,492625,4977029,28862.42,40477.85,28.86242,40.47785,=(BF39*D39)/N39
Deephaven City,Hennepin,Deephaven City,3853,381,169.4,1028,101.6604,101278,0.86,336,284,304,252,608,252,53,0.1062124,1.206349,0.4053333,0.1643192,0.4306508,0.5693492,0.004806,=X40*1000,25875276,17589888,11678,1.47,0.06,0.07,0,445.14,49507.91,0,49953,10,5,0,0,2,302,0,0,0,0,0,0,445,49508,0,0,0,0,15830,26,15434,6,46755,1694,27.60035,24.97195,24.97195,24.97195,458236.3,4975507,121.0686,10.1121,0.0981757,11.97265,223360.5,98202.1,59593.72,1634000000,5150000000,578400000,1555000000,600600000,1590000000,513732,1618988,371674,999363,456754,1211657,3,402,478480,4980091,816,492625,4977029,20756.37,34422.44,20.75637,34.42244,=(BF40*D40)/N40
Dellwood City,Washington,Dellwood City,1033,141,69,239,32.73139,129136,0.87,122,104,101,83,202,83,19,0.1180124,1.216867,0.4156379,0.3210091,0.4087738,0.5912262,0.01484,=X41*1000,28952811,19074118,10804,1.52,0.36,0.45,0,3068.37,29353.54,0,32422,7,4,0,0,7,94,0,0,0,0,0,0,3068,29354,0,0,0,0,22543,15,22048,34,11445,483,23.69565,26.88928,26.88928,26.88928,502577.2,4993884,86.71571,7.301859,0.1698107,11.87584,90306.77,42224.75,20893.82,482500000,1701000000,135600000,485700000,41296788,208000000,342468,1207360,189723,679585,146443,738012,3,402,478480,4980091,816,492625,4977029,27765.19,19573.44,27.76519,19.57344,=(BF41*D41)/N41
Denmark Township,Washington,Denmark Township,1348,17,8.769231,536,6.847483,74821,0.82,162,144,123,105,246,105,19,0.0926829,1.171429,0.3980583,0.8162213,0.2214207,0.7785793,0.011264,=X42*1000,86870887,66059539,12500,1.32,0.83,0.9,0,15034.75,85360.47,0,100395,78,1,0,11,5,104,0,0,3,0,0,7321,7714,83326,0,0,2034,0,0,0,107103,128,17160,684,25.08772,28.51275,28.51275,28.51275,514019.2,4961998,310.782,78.27692,1.043692,3.970289,16468.14,8356.237,6548.163,156100000,529500000,49035563,170100000,16846350,124000000,121190,411115,66241,229837,32775,240282,3,402,478480,4980091,816,492625,4977029,39879.9,26146.81,39.8799,26.14681,=(BF42*D42)/N42
Douglas Township,Dakota,Douglas Township,760,9,3.511364,99,1.123759,60536,0.77,157,134,111,88,222,88,24,0.1403509,1.261364,0.4302326,1.086033,0.1775787,0.8224213,0.014498,=X43*1000,98994436,70906571,12500,1.4,0.88,0.52,0,5743.26,114806.4,0,120550,88,1,0,8,0,90,0,0,13,0,0,5743,0,109793,0,0,5013,0,0,0,56322,119,8615,309,27.88026,29.7851,29.7851,29.7851,511511.1,4936964,250.4623,88.09178,1.694073,2.843197,7987.094,3247.384,1040.424,31247135,169900000,8602877,52020560,2114315,12000000,34913,189799,18629,112647,10955,62117,3,402,478480,4980091,816,492625,4977029,54323.41,44293.65,54.32341,44.29365,=(BF43*D43)/N43
Eagan City,Dakota,Eagan City,63557,733,408.046,42741,492.9575,67388,0.89,3223,2640,2915,2332,5830,2332,584,0.1253488,1.25,0.4170243,0.1797862,0.2147491,0.7852509,0.000536,=X44*1000,76681512,59735047,12450,1.28,0.42,0.67,3.52,38525.75,485551,18468,524077,87,6,36,0,69,2750,0,43,17,0,18468,0,20058,468943,0,14881,1726,0,1928985,264,1937806,49,794450,35500,22.37887,26.25348,26.25348,26.25348,487042.8,4962626,1026.4,86.70322,0.1162242,11.83808,623686.7,348362.5,419418.7,54430000000,125700000000,20220000000,41460000000,29330000000,62000000000,856403,1977048,546806,1121587,685987,1449364,3,402,478480,4980091,816,492625,4977029,19451.16,15446.93,19.45116,15.44693,=(BF44*D44)/N44
East Bethel City,Anoka,East Bethel City,10941,89,45.55285,1287,10.42521,57880,0.9,898,777,695,574,1390,574,122,0.1067367,1.210801,0.4050117,0.3825859,0.3229515,0.6770486,0.002113,=X45*1000,85345872,60892374,10782,1.4,0.24,0.33,0,12911.22,252986,0,265897,123,2,0,24,0,669,0,0,2,0,0,12911,0,251538,0,0,1448,0,320124,149,322514,47,195600,5603,34.90987,27.05558,27.05558,27.05558,484034,5022481,589.2875,123.4507,0.5992753,4.773464,67177.77,34402.44,7902.184,1176000000,4078000000,390500000,1552000000,23301444,179000000,107463,372711,66576,264570,16959,130368,3,402,478480,4980091,816,492625,4977029,42752.3,46256.77,42.7523,46.25677,=(BF45*D45)/N45
Eden Prairie City,Hennepin,Eden Prairie City,54901,603,320.0659,50656,556.0196,78328,0.87,2799,2337,2530,2068,5060,2068,463,0.1120794,1.223404,0.4081962,0.1924462,0.2705879,0.7294121,0.000592,=X46*1000,87924689,65094640,12500,1.35,0.55,0.78,3.08,41307.56,445581.4,15008,486889,91,5,35,34,72,2340,2,31,16,0,15008,14177,12123,430965,1552,9235,3829,0,1443541,258,1501952,44,603580,29126,20.72306,25.70722,25.70722,25.70722,463686.6,4966255,1025.449,91.10471,0.1505863,11.25571,444023.7,235562.8,409691.3,39050000000,101500000000,13320000000,32470000000,43960000000,80700000000,709989,1846349,434811,1059434,816045,1497447,3,402,478480,4980091,816,492625,4977029,20255.71,30879.14,20.2557,30.87914,=(BF46*D46)/N46
Edina City,Hennepin,Edina City,47425,1146,512.3903,53124,1283.811,66019,0.84,2581,1907,2277,1603,4554,1603,675,0.2108716,1.420462,0.4740787,0.1674343,0.1166418,0.8833582,0.000887,=X47*1000,53259648,40323794,12500,1.32,0.41,0.52,5.05,19262.17,361985.9,19262,381248,41,9,70,0,0,2131,0,76,0,0,19262,0,0,347434,0,14552,0,0,1520716,222,1506300,51,427965,21008,20.37152,26.39685,26.39685,26.39685,471558.1,4970949,777.1761,41.37992,0.0500968,18.78148,931184.4,412489.6,1043084,53500000000,103000000000,14510000000,26290000000,48860000000,73600000000,1228764,2366272,712459,1290321,1075663,1619469,3,402,478480,4980091,816,492625,4977029,11467.28,21926.89,11.46728,21.92689,=(BF47*D47)/N47
Elko City,,Elko City,472,110,65.25,124,29.02612,67625,0.88,64,60,46,42,92,42,5,0.0632911,1.095238,0.3833333,0.2702379,0.6900897,0.3099103,0.026713,=X48*1000,17398566,9704553,10482,1.79,0,0,0,0,12430.94,0,12431,4,3,0,0,0,46,0,0,0,0,0,0,0,12431,0,0,0,0,12011,6,12011,41,7180,261,27.50958,25.77884,25.77884,25.77884,474302.9,4934621,33.69263,4.272014,0.2373341,7.886826,46467.35,25694.87,12207.52,,,,,,,,,,,,,1,402,478480,4980091,816,492625,4977029,45661.46,46196.71,45.66146,46.19672,=(BF48*D48)/N48
Empire Township,Dakota,Empire Township,1638,19,10.11494,205,2.355689,68500,0.87,237,215,137,115,274,115,23,0.1022222,1.191304,0.4041298,0.8238385,0.2040727,0.7959273,0.01045,=X49*1000,86914979,60916566,11664,1.43,0.91,0.83,0,8052.63,104813.2,0,112866,87,1,0,0,12,110,0,0,15,0,0,0,8053,93347,0,0,11467,0,0,0,88843,87,21225,880,24.11932,28.84664,28.84664,28.84664,492613.8,4946929,305.813,87.02339,0.9160357,3.514147,15650.83,8408.262,1958.743,422300000,1273000000,130900000,421600000,13335335,62900000,184431,555693,109863,353903,61453,289895,3,402,478480,4980091,816,492625,4977029,36048.81,30100.5,36.04881,30.1005,=(BF49*D49)/N49
Eureka Township,Dakota,Eureka Township,1490,16,8.419354,185,1.995194,66875,0.84,251,220,180,149,360,149,32,0.109215,1.208054,0.4081633,0.7469509,0.2017851,0.7982149,0.008163,=X50*1000,88863236,65780125,12500,1.35,0.77,0.38,0,0,134451.2,0,134451,93,1,0,0,0,145,0,2,33,0,0,0,0,125346,0,537,8569,0,0,0,40077,43,18750,783,23.94636,28.29727,28.29727,28.29727,482724.7,4937124,355.4682,92.72279,0.9658625,3.833666,14342.39,7536.977,1780.767,252400000,711400000,83914908,255500000,9904860,45600000,169410,477420,98267,299146,50535,232854,3,402,478480,4980091,816,492625,4977029,43176.66,41115.26,43.17665,41.11526,=(BF50*D50)/N50
Excelsior City,Hennepin,Excelsior City,2393,1052,695.5,1784,784.3053,43598,0.9,196,158,165,127,330,127,39,0.1566265,1.299213,0.44,0.1208659,0.2863615,0.7136385,0.010311,=X51*1000,10906644,8373820,11716,1.3,0.28,0.33,0,1216.23,18726.65,0,19943,2,9,0,0,8,157,0,0,0,0,0,0,1216,18727,0,0,0,0,45657,12,45340,30,30885,1391,22.20345,27.57631,27.57631,27.57631,455297.6,4972276,56.3491,2.274624,0.0274051,24.77292,959308.1,557625.4,715171.6,642400000,1912000000,225100000,685100000,629200000,1760000000,476534,1418760,283573,863268,390339,1089546,3,402,478480,4980091,816,492625,4977029,24464.25,37628.83,24.46425,37.62883,=(BF51*D51)/N51
Falcon Heights City,Ramsey,Falcon Heights City,5572,961,461.6667,4467,770.1436,51382,0.63,348,248,296,196,592,196,101,0.2609819,1.510204,0.5085911,0.1780273,0.0637661,0.9362339,0.007745,=X52*1000,24022452,17703722,12500,1.36,0.33,0.38,0,2471.58,50224.5,0,52696,6,9,0,0,10,282,0,1,3,0,0,0,2472,49554,0,374,296,0,95901,27,94410,27,52835,2770,19.07401,27.36488,27.36488,27.36488,486046.3,4981848,104.4156,5.800218,0.0374208,18.00201,794759.9,395097.8,637148.7,2895000000,5563000000,714500000,1334000000,2185000000,3900000000,1289746,2478164,719942,1343936,918195,1636851,3,402,478480,4980091,816,492625,4977029,7767.46,8154.624,7.76746,8.154624,=(BF52*D52)/N52
Farmington City,Dakota,Farmington City,12365,387,199.5625,3999,125.2417,61864,0.89,809,624,680,495,1360,495,186,0.1888325,1.373737,0.4597701,0.1972429,0.1810657,0.8189343,0.002781,=X53*1000,51028348,38779613,11914,1.32,0.28,0.21,0,2255.63,131869.6,0,134125,32,4,0,0,12,653,0,0,15,0,0,0,2256,130485,0,0,1385,0,133623,53,133607,17,161605,6386,25.30614,25.99873,25.99873,25.99873,486173.2,4944727,305.7016,31.93027,0.1277211,9.574037,307515.7,158818.9,99454.54,2659000000,7643000000,900600000,2736000000,244800000,1320000000,228667,657147,145057,440661,61403,331383,3,402,478480,4980091,816,492625,4977029,36191.13,32940.02,36.19113,32.94001,=(BF53*D53)/N53
Forest Lake City,Washington,Forest Lake City,14440,157,35.8913,5440,59.18875,44419,0.85,1081,876,927,722,1854,722,206,0.143155,1.283934,0.4291667,0.2725034,0.3052076,0.6947924,0.001781,=X54*1000,86047400,58503955,12250,1.47,0.79,0.92,3.4,28579.73,224030.9,8593,252611,92,3,20,33,39,813,0,16,5,1,8593,9664,10323,216158,0,3304,4493,76,379328,138,489568,55,86790,3302,26.28407,28.33652,28.33652,28.33652,503275.8,5011120,519.8038,91.90926,0.336664,5.655619,118626.9,27126.45,44690.45,1967000000,12130000000,635600000,3987000000,470700000,3720000000,136188,839784,81281,509833,70939,560094,3,402,478480,4980091,816,492625,4977029,39719.39,35716.04,39.71939,35.71604,=(BF54*D54)/N54
Fridley City,Anoka,Fridley City,27449,979,530.3571,26279,936.9321,48372,0.87,1558,1142,1348,932,2696,932,417,0.2243142,1.446352,0.4831541,0.1748625,0.1018853,0.8981147,0.001554,=X55*1000,47346463,36278955,12450,1.31,0.46,0.6,1.86,17826.57,217888,4377,235715,28,8,17,40,0,1256,0,35,0,0,4377,13450,0,212734,0,5154,0,0,964152,136,963840,57,326240,14850,21.96902,27.60126,27.60126,27.60126,479583.7,4992342,530.5173,28.04792,0.0557613,18.91467,890442.3,481732.3,852487.7,33310000000,62110000000,10640000000,18940000000,21970000000,42500000000,1173022,2187418,671703,1195089,736030,1424986,3,402,478480,4980091,816,492625,4977029,12300.61,20113.79,12.30061,20.11379,=(BF55*D55)/N55
Gem Lake City,Ramsey,Gem Lake City,419,146,71.66666,575,200.9795,64167,0.89,31,29,26,24,52,24,3,0.0697674,1.083333,0.3939394,0.3728148,0.1601789,0.839821,0.047101,=X56*1000,20681217,13842885,12500,1.49,0.89,0.6,0,813.55,8879.63,0,9693,3,3,0,2,0,21,0,0,3,0,0,814,0,8605,0,0,274,0,25641,5,25563,98,4075,215,18.95349,28.55938,28.55938,28.55938,496810.5,4989391,24.2767,2.860988,0.1682934,8.485426,108864,55860.99,149395.7,2845000000,7079000000,925700000,2214000000,1637000000,3880000000,791227,1968554,460064,1100237,517895,1227160,3,402,478480,4980091,816,492625,4977029,20554.51,13050.87,20.55451,13.05087,=(BF56*D56)/N56
Golden Valley City,Hennepin,Golden Valley City,20281,743,374.4445,30074,1101.562,62063,0.85,1703,1243,1463,1003,2926,1003,461,0.2303848,1.458624,0.4871795,0.1721673,0.104268,0.895732,0.001456,=X57*1000,49109802,37051479,12500,1.33,0.66,0.75,5.78,21155.86,230725,14566,251881,27,9,67,0,29,1305,0,61,1,0,14566,0,6589,220050,0,10182,493,0,1124785,142,1114599,88,198560,10110,19.63996,27.08174,27.08174,27.08174,471698.7,4981908,543.8328,27.30123,0.0467487,19.91972,630844.8,314473.7,935458.1,25410000000,49380000000,7785000000,14470000000,30740000000,48700000000,1228565,2387420,710046,1319567,1034693,1640009,3,402,478480,4980091,816,492625,4977029,7020.359,21487.42,7.02036,21.48742,=(BF57*D57)/N57
Grant City,Washington,Grant City,4026,59,30.21739,702,10.22411,98228,0.87,369,334,290,255,580,255,36,0.0712871,1.137255,0.3820817,0.5320497,0.4039255,0.5960745,0.004477,=X58*1000,79340569,55700456,12500,1.42,0.28,0.29,0,7865.75,146428.7,0,154294,69,2,0,0,14,276,0,0,0,0,0,0,7866,146429,0,0,0,0,80965,83,121720,49,52435,2085,25.14868,26.82077,26.82077,26.82077,507153.7,4992123,317.4325,68.66122,0.6416937,4.623171,42288.21,21900.38,7373.652,1037000000,3508000000,310700000,1075000000,133000000,558000000,283070,957805,153239,530048,177399,743509,3,402,478480,4980091,816,492625,4977029,31095.84,20950.24,31.09584,20.95024,=(BF58*D58)/N58
Greenfield City,Hennepin,Greenfield City,2544,46,22.44643,345,6.204337,80933,0.85,254,237,209,192,418,192,18,0.0474934,1.088542,0.3666667,0.5066936,0.4892718,0.5107282,0.005699,=X59*1000,55170765,37725113,10290,1.46,0.59,0.54,0,7256.32,98642.64,0,105899,56,2,0,0,17,186,0,0,6,0,0,0,7256,95759,0,0,2884,0,116101,49,115066,73,41960,1257,33.38107,27.07406,27.07406,27.07406,445840.1,4994251,281.882,55.60624,0.6465842,5.069252,31895.61,15759.74,4325.465,298500000,1399000000,90528524,496900000,33447190,257000000,111066,520366,63307,347471,46390,356437,3,402,478480,4980091,816,492625,4977029,35579.02,49854,35.57903,49.854,=(BF59*D59)/N59
Greenvale Township,Dakota,Greenvale Township,684,9,4.519481,117,1.522178,66818,0.85,168,143,110,85,220,85,26,0.1575758,1.294118,0.4417671,0.9711087,0.1596923,0.8403077,0.015406,=X60*1000,87212343,63319570,12500,1.38,0.74,0.42,0,3512.2,103309.8,0,106822,77,1,0,0,2,95,0,3,10,0,0,0,3512,100020,0,514,2776,0,0,0,37858,89,9015,348,25.90517,28.29277,28.29277,28.29277,482411.9,4928319,259.4894,76.86292,1.182506,3.376002,7638.255,3886.13,1306.544,20820257,244800000,6130827,75895318,898144,4223480,16777,197247,8971,111060,13208,62110,3,402,478480,4980091,816,492625,4977029,51921.59,49769.67,51.92159,49.76967,=(BF60*D60)/N60
Greenwood City,Hennepin,Greenwood City,729,276,124.3333,148,56.00053,102719,0.88,82,77,64,59,128,59,6,0.0530973,1.084746,0.374269,0.1656089,0.4393523,0.5606477,0.018703,=X61*1000,15416631,9248160,11674,1.67,0.4,0.28,0,0,10598.97,0,10599,3,4,0,0,0,59,0,0,5,0,0,0,0,10082,0,0,517,0,2753,5,2653,6,9185,373,24.62466,25.15407,25.15407,25.15407,456200.9,4973353,33.88391,2.642832,0.0978827,12.82106,127759.7,65369.49,25937.49,,,,,,,,,,,,,1,402,478480,4980091,816,492625,4977029,23275.68,36609.09,23.27568,36.60909,=(BF61*D61)/N61
Grey Cloud Island Township,Washington,Grey Cloud Island Township,307,31,15.7,0,0,55714,0.82,28,28,19,19,38,19,1,0.030303,1,0.372549,0.6870254,0.9152364,0.0847636,0.055556,=X62*1000,23298018,16691437,9482,1.4,0,0,0,0,13053.48,0,13053,10,1,0,0,0,19,0,0,0,0,0,0,0,13053,0,0,0,0,0,0,5092,27,3770,157,24.01274,26.86259,26.86259,26.86259,500149.8,4961755,99.40486,9.797038,0.3498942,10.14642,23608.94,12073.63,0,,,,,,,,,,,,,1,402,478480,4980091,816,492625,4977029,28386.41,17026.96,28.38641,17.02696,=(BF62*D62)/N62
Ham Lake City,Anoka,Ham Lake City,12710,137,73.44086,3100,33.4046,67750,0.89,1162,1012,933,783,1866,783,151,0.0967329,1.191571,0.3982074,0.285971,0.2983268,0.7016732,0.001524,=X63*1000,84241520,58303988,12500,1.44,0.24,0.25,0,9675.74,257135.2,0,266811,93,3,0,29,0,900,0,1,3,0,0,9676,0,256511,0,256,368,0,393739,135,380807,48,205175,6830,30.04026,26.66187,26.66187,26.66187,484001.6,5011247,615.5128,92.8016,0.3488782,6.632567,94864.36,50977.46,23137.65,3294000000,9534000000,1285000000,4058000000,287900000,1170000000,259200,750122,180520,569807,90148,364885,3,402,478480,4980091,816,492625,4977029,31641,35287.4,31.641,35.2874,=(BF63*D63)/N63
Hamburg City,Carver,Hamburg City,538,1140,,109,230.9967,47578,0.87,58,50,38,30,76,30,9,0.1636364,1.266667,0.452381,0.1390882,0.4235262,0.5764738,0.043678,=X64*1000,7757805,5519924,12500,1.41,0.18,0.13,0,0,5285.35,0,5285,0,11,0,0,0,37,0,0,1,0,0,0,0,5192,0,0,93,0,2078,3,2219,7,7010,275,25.49091,27.35889,27.35889,27.35889,423618.1,4953711,20.86046,0.4718682,0.0181488,44.20823,878890.1,449246.8,178065.1,,,,,,,,,,,,,1,402,478480,4980091,816,492625,4977029,60874.76,72840.14,60.87476,72.84014,=(BF64*D64)/N64
Hampton City,Dakota,Hampton City,434,133,76,171,52.56466,53438,0.87,71,58,56,43,112,43,14,0.1728395,1.302326,0.4552846,0.2429998,0.278416,0.721584,0.031008,=X65*1000,12316527,9030875,11724,1.36,1.12,1.02,0,1670.79,11937.2,0,13608,3,4,0,5,1,45,1,2,2,0,0,1631,40,10941,177,576,243,0,36496,7,36411,135,5640,228,24.73684,32.4286,32.4286,32.4286,499810.1,4939472,34.86938,3.253136,0.1204865,10.71869,153431.5,80604.58,60453.43,,,,,,,,,,,,,1,402,478480,4980091,816,492625,4977029,45878.93,38238.12,45.87893,38.23812,=(BF65*D65)/N65
Hampton Township,Dakota,Hampton Township,986,11,4.820225,173,1.939652,62292,0.88,249,225,183,159,366,159,25,0.0798722,1.150943,0.388535,0.6681179,0.3952238,0.6047761,0.007284,=X66*1000,97149345,62898969,12202,1.54,1.46,1.07,0,15889.54,106376,0,122266,89,1,0,10,10,123,0,6,34,0,0,9340,6549,97659,0,610,8107,0,0,0,170180,278,11575,429,26.98135,30.77915,30.77915,30.77915,502081.7,4936947,316.3677,89.19125,0.9910139,3.547071,8930.234,3885.467,1566.867,186700000,863300000,51473149,251300000,20216809,103000000,78061,360905,41700,203609,31247,159287,3,402,478480,4980091,816,492625,4977029,49177.7,41182.48,49.1777,41.18248,=(BF66*D66)/N66
Hancock Township,Carver,Hancock Township,367,8,3.26087,9,0.195253,58750,0.74,164,149,119,104,238,104,16,0.0788177,1.144231,0.3888889,0.6646035,0.1747989,0.8252012,0.011109,=X67*1000,72225046,54328030,12500,1.33,0.88,0.61,0,0,79087.82,0,79088,46,2,0,0,0,83,0,0,36,0,0,0,0,67350,0,0,11738,0,0,0,10340,45,3730,150,24.86667,29.05486,29.05486,29.05486,434358.3,4949429,191.7569,46.06748,1.023722,4.162522,7736.043,3161.87,189.7122,2219983,32098554,681245,10180076,25025,1173550,6049,87462,3346,50003,715,33530,3,402,478480,4980091,816,492625,4977029,53729.99,64473.21,53.72999,64.47321,=(BF67*D67)/N67
Hanover City,Hennepin,Hanover City,332,60,32.16667,86,15.53184,80502,0.87,29,28,26,25,52,25,2,0.0444444,1.04,0.3768116,0.4062619,0.7640301,0.2359699,0.043333,=X68*1000,18183010,14458769,10474,1.26,0,0,0,0,10562.81,0,10563,6,2,0,0,0,26,0,0,0,0,0,0,0,10563,0,0,0,0,14300,6,14286,69,5680,193,29.43005,27.96009,27.96009,27.96009,449078.1,5000350,36.85355,5.537012,0.5033647,6.655855,60291.82,35049.16,15617.76,,,,,,,,,,,,,1,402,478480,4980091,816,492625,4977029,35705.76,49398.43,35.70576,49.39843,=(BF68*D68)/N68
Hassan Township,Hennepin,Hassan Township,2463,45,21.4,707,12.83008,79158,0.86,294,280,212,198,424,198,15,0.0383632,1.070707,0.3605442,0.5190116,0.4557906,0.5442094,0.005435,=X69*1000,109552749,53973301,11616,2.03,0.08,0.13,1.85,2033.6,107996.8,2034,110030,55,2,2,0,0,210,0,0,0,0,2034,0,0,107997,0,0,0,0,0,0,203336,133,34165,1177,29.02719,27.77399,27.77399,27.77399,454133.9,5003612,332.6986,55.10486,0.4271695,6.037554,17023.55,8135.088,4886.582,1155000000,5257000000,370000000,1664000000,370500000,1940000000,215848,982751,125125,562730,133173,698951,3,402,478480,4980091,816,492625,4977029,33851.85,46778.16,33.85185,46.77816,=(BF69*D69)/N69
Hastings City,Dakota,Hastings City,18201,607,314.1667,9043,301.5612,53172,0.88,1155,839,1041,725,2082,725,317,0.2193772,1.435862,0.4799447,0.1613389,0.1931634,0.8068366,0.001983,=X70*1000,39627875,29683686,12500,1.34,0.32,0.37,0,8825.16,159128.6,0,167954,30,6,0,31,15,993,0,1,1,0,0,5401,3424,158737,0,97,295,0,278589,98,245431,22,207030,9425,21.96605,26.52113,26.52113,26.52113,511477.5,4953454,434.7043,29.98728,0.0753449,14.49629,487263.7,252319.1,242092.5,1875000000,10050000000,564500000,3001000000,322700000,2780000000,108530,581854,61350,326175,36378,313354,3,402,478480,4980091,816,492625,4977029,42407.47,30186.46,42.40747,30.18646,=(BF70*D70)/N70
Helena Township,Scott,Helena Township,1440,16,7.977528,448,5.018988,64250,0.85,241,212,147,118,294,118,30,0.1298701,1.245763,0.4224138,0.9227523,0.1911284,0.8088716,0.010648,=X71*1000,89036263,65277277,12350,1.36,0.36,0.36,0,9419.45,126225.1,0,135645,89,2,0,0,10,137,0,0,0,0,0,0,9419,126225,0,0,0,0,0,0,57505,64,18415,710,25.93662,29.89068,29.89068,29.89068,453654.1,4937446,408.9377,89.24416,0.8040014,4.582235,15759.78,7770.448,4903.043,89101688,390100000,24424050,129900000,6797010,46300000,59086,258657,31408,167017,14370,97900,3,402,478480,4980091,816,492625,4977029,49345.34,55548.02,49.34534,55.54802,=(BF71*D71)/N71
Hilltop City,Anoka,Hilltop City,766,2322,,252,764.0411,26528,0.66,69,58,47,36,94,36,12,0.1791045,1.305556,0.4607843,0.1219932,0.295657,0.704343,0.037302,=X72*1000,7607605,4353701,12500,1.75,0.34,0.75,0,1233.68,4500.01,0,5734,0,17,0,3,0,44,0,0,0,0,0,1234,0,4500,0,0,0,0,2012,1,1991,4,11020,360,30.61111,27.04772,27.04772,27.04772,480314.9,4988936,11.99655,0.3298252,0.0109942,36.37244,1131918,531972.1,372380.5,,,,,,,,,,,,,1,402,478480,4980091,816,492625,4977029,9032.826,17126.12,9.032826,17.12612,=(BF72*D72)/N72
Hollywood Township,Carver,Hollywood Township,1102,12,5.623656,430,4.604709,52833,0.76,362,332,275,245,550,245,31,0.0639175,1.122449,0.3772291,0.5758829,0.3028034,0.6971966,0.0046,=X73*1000,89823618,63895896,12500,1.41,0.93,0.9,0,9421.25,148946.5,0,158368,93,2,0,0,15,215,0,0,45,0,0,0,9421,126832,0,0,22115,0,0,0,75649,110,16570,523,31.6826,29.03387,29.03387,29.03387,424950.6,4976162,367.5419,93.33498,1.048708,3.93788,10239.48,4859.57,3995.44,20596380,87650876,5936539,26185013,420000,2474300,18690,79538,9953,43899,4200,24743,3,402,478480,4980091,816,492625,4977029,53673.41,67679.94,53.67341,67.67994,=(BF73*D73)/N73
Hopkins City,Hennepin,Hopkins City,17145,1619,835,11724,1107.305,39203,0.81,701,524,595,418,1190,418,178,0.2141998,1.423445,0.4767628,0.1626612,0.1850781,0.8149219,0.003414,=X74*1000,23344824,17667595,11120,1.32,0.37,0.49,3.41,6221.92,90561.47,3298,96783,11,9,14,0,11,564,0,6,0,0,3298,0,2924,89602,0,960,0,0,349204,55,347017,33,184760,9185,20.11541,26.85645,26.85645,26.85645,467985.8,4974810,217.0538,10.58787,0.040258,20.50024,1360779,729003.1,930520.6,15050000000,32280000000,4934000000,9959000000,9861000000,17600000000,1065448,2285411,627508,1266552,880122,1574929,3,402,478480,4980091,816,492625,4977029,11748.34,24739.01,11.74834,24.73901,=(BF74*D74)/N74
Hugo City,Anoka/Ramsey/Washington,Hugo City,6363,68,36.52688,1884,20.20921,63450,0.9,473,395,379,301,758,301,79,0.1323283,1.259136,0.4225195,0.4635433,0.1876206,0.8123794,0.004197,=X75*1000,85959072,63539846,12350,1.35,0.3,0.31,0,9861.57,165821.4,0,175683,93,2,0,20,0,359,0,0,0,0,0,9862,0,165821,0,0,0,0,148331,98,154028,39,97580,3397,28.72535,26.40982,26.40982,26.40982,503239.8,5001514,420.4667,93.22482,0.6519219,4.510244,52912.43,28248.24,15666.67,1318000000,5318000000,420400000,1877000000,172400000,1100000000,207161,835744,119768,534837,89944,571931,3,402,478480,4980091,816,492625,4977029,32741.29,26686.87,32.74128,26.68686,=(BF75*D75)/N75
Independence City,Hennepin,Independence City,3236,36,18.74157,181,2.023677,79126,0.87,439,391,326,278,652,278,49,0.0889292,1.172662,0.3937198,0.5290962,0.3114394,0.6885606,0.004233,=X76*1000,86197321,62827642,12350,1.37,0.54,0.56,0,8158.4,164327,0,172485,89,2,0,21,0,296,8,0,1,0,0,8158,0,155809,8369,0,148,0,165016,79,165093,82,48560,1668,29.11271,27.81095,27.81095,27.81095,444245,4985624,490.3854,89.44102,0.5230469,5.48278,30241.57,15588.05,1691.51,828800000,4683000000,275600000,1733000000,210700000,1460000000,155667,879682,95211,598588,107449,742207,3,402,478480,4980091,816,492625,4977029,34679.16,49137.46,34.67916,49.13746,=(BF76*D76)/N76
Inver Grove Heights City,Dakota,Inver Grove Heights City,29751,382,210.1667,7638,97.98996,59090,0.9,1826,1475,1584,1233,3168,1233,352,0.1430313,1.284672,0.4289196,0.2180381,0.2248947,0.7751053,0.001043,=X77*1000,73256345,52363107,12400,1.4,0.65,0.83,0.81,30731.59,314640.8,2811,345372,78,4,11,28,42,1437,0,35,31,0,2811,12674,15247,300846,0,8599,5196,0,950893,161,954741,52,363560,16393,22.17776,26.775,26.775,26.775,495284.7,4963463,769.4341,77.94676,0.1568345,9.871278,284387.5,156699.4,73011.05,24860000000,57530000000,7916000000,17910000000,5018000000,11300000000,835473,1933485,471450,1066664,614350,1379157,3,402,478480,4980091,816,492625,4977029,23640.83,13824.27,23.64083,13.82427,=(BF77*D77)/N77
Jackson Township,Scott,Jackson Township,1361,71,38.89474,85,4.442408,50263,0.87,138,127,100,89,200,89,12,0.0693642,1.123595,0.3831418,0.4031216,0.4524038,0.5475962,0.012768,=X78*1000,36948869,26431737,11398,1.4,0.68,0.94,15.83,8402.99,31909.17,6381,40312,19,2,4,7,0,88,0,1,0,0,6381,2022,0,31753,0,156,0,0,0,0,90957,108,16215,739,21.94181,29.39948,29.39948,29.39948,456144.3,4957590,117.0792,19.13377,0.3356802,6.118981,63999.07,34750.41,3997.003,217300000,639200000,68314955,223200000,15542886,62200000,330686,972848,206122,673371,146631,586546,3,402,478480,4980091,816,492625,4977029,31704.9,41336.84,31.7049,41.33685,=(BF78*D78)/N78
Jordan City,Scott,Jordan City,3833,570,266.2857,1308,194.6226,47468,0.87,345,279,283,217,566,217,67,0.1561772,1.304147,0.4387597,0.1685515,0.3065779,0.6934221,0.006038,=X79*1000,25941696,17236452,12450,1.51,0.15,0.22,0,1679.12,46020.96,0,47700,7,7,0,6,0,277,0,0,0,0,0,1679,0,46021,0,0,0,0,50357,20,52301,22,47175,1864,25.30848,26.93784,26.93784,26.93784,449706.6,4946297,121.5584,6.720699,0.051303,18.08717,371652,180735.5,126825.1,529900000,1737000000,147600000,574900000,74879564,286000000,151092,495202,82842,322684,56684,216240,3,402,478480,4980091,816,492625,4977029,44384.02,52786.77,44.38402,52.78677,=(BF79*D79)/N79
Lake Elmo City,Washington,Lake Elmo City,6863,109,52.55556,1634,26.01738,76876,0.88,511,442,403,334,806,334,70,0.1055807,1.206587,0.4046185,0.3923258,0.2078153,0.7921847,0.003623,=X80*1000,84137385,58820070,12500,1.43,0.46,0.74,3.88,22567.18,135540.1,6135,158107,63,3,5,0,25,372,0,0,1,0,6135,0,16432,134998,0,0,542,0,376460,82,377364,88,76605,3311,23.13651,26.62471,26.62471,26.62471,507647,4982351,359.8148,62.80417,0.4186945,5.729154,77011.59,37153.63,18335.56,3851000000,10560000000,1040000000,2987000000,583100000,2050000000,527853,1447251,278676,800765,281267,991016,3,402,478480,4980091,816,492625,4977029,29254.36,15936.68,29.25436,15.93668,=(BF80*D80)/N80
Lake St Croix Beach City,Washington,Lake St. Croix Beach City,1140,447,210,50,19.60243,60652,0.89,189,134,172,117,344,117,56,0.2445415,1.470086,0.4985507,0.1228171,0.1468683,0.8531317,0.012673,=X81*1000,10991764,8340334,12500,1.32,0.3,0.47,0,1754.08,19370.45,0,21125,3,8,0,0,7,164,0,0,1,0,0,0,1754,19237,0,0,133,0,11494,13,10755,15,16885,630,26.80159,26.53587,26.53587,26.53587,518483.9,4974602,48.03783,2.550704,0.0354264,18.83317,368579.5,203688.7,16165.77,352300000,1250000000,110600000,399100000,5875140,31300000,237384,842074,130492,470957,97919,521763,3,402,478480,4980091,816,492625,4977029,40378.8,25972.6,40.3788,25.9726,=(BF81*D81)/N81
Lakeland City,Washington,Lakeland City,1917,252,145.5,357,46.93465,76530,0.9,258,211,204,157,408,157,48,0.1553398,1.299363,0.4387097,0.1730816,0.3494502,0.6505498,0.008329,=X82*1000,22293211,17169294,12500,1.3,1.26,1.24,5.22,6753.61,28555.04,1842,35309,8,5,7,0,22,153,0,16,6,0,1842,0,4911,26377,0,1264,913,0,102820,20,103557,87,28255,1164,24.27406,28.70036,28.70036,28.70036,518150.4,4977431,75.67239,7.606321,0.1226826,9.948619,250477.8,152089.8,46646.11,,,,,,,,,,,,,1,402,478480,4980091,816,492625,4977029,39759.52,25528.6,39.75951,25.5286,=(BF82*D82)/N82
Lakeland Shores City,Washington,Lakeland Shores City,355,198,87.5,17,9.476867,80907,0.94,46,43,34,31,68,31,4,0.0701754,1.096774,0.3908046,0.1993022,0.4960828,0.5039172,0.036559,=X83*1000,11439220,6434893,12500,1.78,0.67,0.66,0,1156.82,5619.46,0,6776,2,4,0,0,6,28,0,0,0,0,0,0,1157,5619,0,0,0,0,1641,3,1564,7,4720,175,26.97143,26.74999,26.74999,26.74999,518823.6,4977193,18.26182,1.793842,0.1379878,10.18028,91152.57,44934.36,4365.053,722700000,2357000000,237000000,825500000,80542662,316000000,318069,1037411,170696,594506,204423,801315,3,402,478480,4980091,816,492625,4977029,40447.55,26199.07,40.44755,26.19907,=(BF83*D83)/N83
Laketown Township,Carver,Laketown Township,2331,29,14.78481,352,4.453694,75000,0.81,309,294,234,219,468,219,16,0.0369515,1.068493,0.359447,0.4930696,0.4750276,0.5249724,0.004901,=X84*1000,73356988,48489291,10324,1.51,0.91,0.82,0,8364.52,107013.8,0,115378,79,1,0,0,15,187,0,0,32,0,0,0,8365,96052,0,0,10962,0,0,0,116763,81,27615,1168,23.64298,26.99771,26.99771,26.99771,443585.7,4965840,363.2877,79.03551,0.7185046,4.596512,19106.02,9573.502,2885.165,397400000,1137000000,132000000,415100000,7446420,25200000,147907,423118,93241,293290,41369,139924,3,402,478480,4980091,816,492625,4977029,37692.42,50299.69,37.69242,50.29969,=(BF84*D84)/N84
Lakeville City,Dakota,Lakeville City,43128,441,225.602,10583,108.1992,72404,0.88,2390,1910,2236,1756,4472,1756,481,0.1371543,1.273349,0.4249335,0.1959502,0.2027241,0.7972759,0.000726,=X85*1000,93116561,73016192,12500,1.28,0.21,0.29,2.24,9796.99,428347.7,9797,438145,98,4,14,0,0,2180,0,15,27,0,9797,0,0,421366,0,4124,2857,0,971604,204,912938,34,543720,22109,24.5927,25.65289,25.65289,25.65289,480008.4,4947197,866.0639,97.81031,0.170997,8.854527,362927.2,186049.8,89057.19,21200000000,61650000000,7052000000,19700000000,2057000000,9590000000,490572,1426586,305982,854989,187579,874217,3,402,478480,4980091,816,492625,4977029,32929.99,32390.67,32.92999,32.39067,=(BF85*D85)/N85
Landfall City,Washington,Landfall City,700,3276,,77,360.337,31136,0.78,62,48,53,39,106,39,15,0.2054795,1.358974,0.4774775,0.101103,0.3156416,0.6843585,0.035762,=X86*1000,3773293,3014013,9570,1.25,0.14,0.6,14.73,789.17,4569.28,789,5358,0,25,1,0,0,52,0,0,0,0,789,0,0,4569,0,0,0,0,1666,3,1262,3,7855,318,24.70126,24.97662,24.97662,24.97662,501804.9,4977450,11.16,0.2136889,0.0089037,52.22548,2652287,1204896,291751.6,,,,,,,,,,,,,1,402,478480,4980091,816,492625,4977029,23474.03,9189.563,23.47403,9.189564,=(BF86*D86)/N86
Lauderdale City,Ramsey,Lauderdale City,2364,2169,1465,357,327.5804,39063,0.77,104,70,94,60,188,60,35,0.3043478,1.566667,0.5402299,0.1449923,0.1076273,0.8923727,0.026554,=X87*1000,7996691,6371703,11373,1.26,0.55,0.38,0,0,13629.27,0,13629,1,13,0,0,0,82,0,12,0,0,0,0,0,12617,0,1013,0,0,54740,7,54439,37,27120,1465,18.51195,29.10269,29.10269,29.10269,484029.8,4982326,35.40914,1.089809,0.0198147,32.49115,2372692,1470386,358312.6,,,,,,,,,,,,,1,402,478480,4980091,816,492625,4977029,5982.701,10096.1,5.982701,10.0961,=(BF87*D87)/N87
Lexington City,Anoka,Lexington City,2214,1243,598,637,357.6077,41618,0.86,143,111,106,74,212,74,33,0.2307692,1.432432,0.4907407,0.214582,0.0732079,0.9267921,0.019622,=X88*1000,13334176,9836882,12350,1.36,0.36,0.29,0,0,22745.69,0,22746,2,13,0,0,0,98,0,0,7,1,0,0,0,21708,0,0,921,116,22117,10,22106,16,26195,1196,21.90217,27.08657,27.08657,27.08657,486530.6,4998312,47.29984,1.781282,0.029688,26.55383,1009539,545351.8,290459.1,4441000000,9725000000,1682000000,3184000000,213300000,449000000,910488,1993716,600367,1136376,625372,1316847,3,402,478480,4980091,816,492625,4977029,19919.81,22137.9,19.91981,22.1379,=(BF88*D88)/N88
Lino Lakes City,Anoka,Lino Lakes City,16791,196,91.53488,2641,30.75309,75708,0.91,990,838,813,661,1626,661,153,0.1161731,1.229955,0.4112291,0.3073068,0.3064667,0.6935333,0.001864,=X89*1000,108649521,57044083,10953,1.9,0.19,0.47,7.96,19887.92,229952.5,19888,249840,86,3,12,0,0,794,0,6,1,0,19888,0,0,228016,0,1754,183,0,723347,123,723803,69,209970,7872,26.67302,27.96743,27.96743,27.96743,493476.5,5001598,608.6306,85.87754,0.3448897,7.087191,85754.2,40203.5,13487.99,8883000000,30920000000,2606000000,8840000000,673200000,2860000000,444310,1546783,260965,885124,221901,941263,3,402,478480,4980091,816,492625,4977029,26219.21,24583.75,26.21921,24.58375,=(BF89*D89)/N89
Linwood Township,Anoka,Linwood Township,4668,50,25.75269,157,1.680935,58596,0.88,436,373,354,291,708,291,64,0.1109185,1.216495,0.4083045,0.4164339,0.3936195,0.6063805,0.004195,=X90*1000,116963019,65577936,12500,1.78,0,0,0,0,147417.6,0,147418,93,2,0,0,0,354,0,0,0,0,0,0,0,147418,0,0,0,0,0,0,73853,25,78815,2395,32.90814,26.60837,26.60837,26.60837,493633,5024006,376.9547,93.4004,0.7129802,4.0359,22626.87,11609.12,761.0152,136400000,898700000,47030697,294700000,541310,7390306,29213,192531,19048,119377,3515,47989,3,402,478480,4980091,816,492625,4977029,46455.33,46987.31,46.45533,46.98731,=(BF90*D90)/N90
Little Canada City,Ramsey,Little Canada City,9771,841,449.3333,5864,504.9909,46609,0.9,414,338,334,258,668,258,77,0.1506849,1.294574,0.4348958,0.2539124,0.1964807,0.8035193,0.005037,=X91*1000,32818467,21288958,11811,1.54,1.04,1.04,10.18,11255.48,73551.25,8633,84807,12,7,30,0,10,271,0,16,7,0,8633,0,2622,67936,0,4937,678,0,678082,42,678179,112,111325,5392,20.64633,28.69522,28.69522,28.69522,493201.1,4985666,177.7234,11.61209,0.0789938,15.30503,593072.5,327279.4,355928.5,13230000000,25610000000,4031000000,7892000000,5027000000,8920000000,1194190,2311494,650212,1273123,858844,1524702,3,402,478480,4980091,816,492625,4977029,15741.24,8655.694,15.74124,8.655694,=(BF91*D91)/N91
Long Lake City,Hennepin,Long Lake City,1842,743,492,2480,1000.922,55139,0.86,142,117,124,99,248,99,26,0.134715,1.252525,0.4261168,0.1758754,0.3330734,0.6669266,0.012781,=X92*1000,16766523,12669828,12500,1.32,0.75,0.79,0,3802.91,18005.64,0,21809,2,9,0,20,0,102,2,0,0,0,0,3803,0,17614,391,0,0,0,70053,12,70539,62,23235,984,23.6128,28.70483,28.70483,28.70483,455149.5,4981343,54.98821,2.477714,0.0419952,22.19312,711527,380099.1,957973.4,,,,,,,,,,,,,1,402,478480,4980091,816,492625,4977029,23364.1,37723.02,23.3641,37.72301,=(BF92*D92)/N92
Loretto City,Hennepin,Loretto City,570,861,312,663,1001.936,54375,0.89,51,41,43,33,86,33,11,0.1803279,1.30303,0.4623656,0.1612933,0.2747986,0.7252014,0.04072,=X93*1000,8612075,5208331,12500,1.65,0,0,0,0,6935.61,0,6936,1,10,0,0,0,43,0,0,0,0,0,0,0,6936,0,0,0,0,4938,3,4357,12,7895,312,25.30449,26.84491,26.84491,26.84491,449971.8,4989230,18.35496,0.6617187,0.0300781,27.73831,461843.1,252798.3,537196.4,,,,,,,,,,,,,1,402,478480,4980091,816,492625,4977029,29937.05,44363.77,29.93705,44.36377,=(BF93*D93)/N93
Louisville Township,Scott,Louisville Township,1359,36,16.31579,460,12.22544,79242,0.86,156,154,134,132,268,132,3,0.011583,1.015152,0.3435898,0.4070624,0.6034388,0.3965612,0.007749,=X94*1000,38895929,26726884,9951,1.46,0.23,0.44,0,4914.91,49631.45,0,54546,38,1,0,5,0,129,0,0,0,0,0,4915,0,49631,0,0,0,0,0,0,115509,137,13590,620,21.91936,28.64947,28.64947,28.64947,454166.2,4954185,207.9792,37.62647,0.5453112,5.52747,28473.13,12989.95,9637.702,280700000,952300000,92912699,331900000,51407352,248000000,226728,769210,143870,513954,97362,470181,3,402,478480,4980091,816,492625,4977029,35529,44732.02,35.529,44.73203,=(BF94*D94)/N94
Mahtomedi City,Washington,Mahtomedi City,7563,514,249,1261,85.6791,72215,0.88,577,469,519,411,1038,411,109,0.1334149,1.262774,0.4229829,0.1553131,0.3001073,0.6998926,0.00308,=X95*1000,36479915,24029194,11278,1.52,0.16,0.32,1.98,1600.03,79007.46,1600,80607,15,5,3,0,0,506,0,2,4,4,1600,0,0,77300,0,519,615,573,72057,43,74071,16,89905,3735,24.07095,25.74368,25.74368,25.74368,502673.3,4989809,180.6163,14.71771,0.0841012,12.27204,300575.5,148439.7,50115.79,4588000000,12050000000,1273000000,3457000000,543700000,1540000000,630157,1655711,336748,914488,374185,1061060,3,402,478480,4980091,816,492625,4977029,26071.97,16256.84,26.07197,16.25684,=(BF95*D95)/N95
Maple Grove City,Hennepin,Maple Grove City,50365,555,315.0769,18205,200.6463,76111,0.89,2625,2155,2314,1844,4628,1844,471,0.1278849,1.254881,0.4187477,0.1972228,0.2082605,0.7917395,0.000681,=X96*1000,87381014,62609603,12500,1.4,0.26,0.43,4.67,21690.28,434683.2,21300,456373,91,5,46,1,0,2234,0,30,3,0,21300,391,0,425176,0,8759,749,0,1518711,248,1535613,49,732165,28672,25.53589,26.06574,26.06574,26.06574,463615.5,4995154,956.2823,90.7318,0.1458711,10.53966,393862.7,224219.8,142366.1,34820000000,89300000000,12140000000,29590000000,10420000000,25500000000,687409,1763141,406536,991036,533547,1305327,3,402,478480,4980091,816,492625,4977029,21162.07,34206,21.16207,34.206,=(BF96*D96)/N96
Maple Plain City,Hennepin,Maple Plain City,2088,752,359.6667,1784,642.7023,50938,0.87,123,97,108,82,216,82,27,0.1698113,1.317073,0.45,0.1845439,0.2615056,0.7384944,0.01626,=X97*1000,15444082,11111419,12500,1.39,0.78,0.81,0,2267.53,17663.21,0,19931,3,7,0,11,0,91,0,0,6,0,0,2268,0,16582,0,0,1081,0,34881,10,34778,27,25045,1079,23.21131,28.56126,28.56126,28.56126,447851.4,4984137,46.68143,2.77578,0.0693945,16.81741,646104.6,333882.6,552035.7,,,,,,,,,,,,,1,402,478480,4980091,816,492625,4977029,30894.67,45334.3,30.89467,45.3343,=(BF97*D97)/N97
Maplewood City,Ramsey,Maplewood City,34947,747,374.4043,18703,399.7274,51596,0.87,2167,1600,1864,1297,3728,1297,568,0.2193897,1.437163,0.4797941,0.1897853,0.1267097,0.8732903,0.001109,=X98*1000,98844936,73504055,12500,1.34,0.59,0.74,1.64,17038.57,336721.2,5817,353760,47,8,14,24,18,1708,0,39,61,0,5817,5483,5738,315222,0,8482,13017,0,1095253,170,958280,44,397010,17597,22.56123,27.87918,27.87918,27.87918,498058.4,4981209,676.5462,46.78939,0.0774659,14.45939,653016.2,328815.8,349482.4,32460000000,70560000000,9510000000,20740000000,19270000000,37800000000,941688,2046834,525547,1146285,694061,1362443,3,402,478480,4980091,816,492625,4977029,19610.24,6854.91,19.61024,6.85491,=(BF98*D98)/N98
Marine on St Croix City,Washington,Marine on St. Croix City,602,56,24.27273,244,22.63586,66250,0.82,127,112,103,88,206,88,16,0.0935673,1.170455,0.3992248,0.26052,0.6728766,0.3271234,0.013454,=X99*1000,28809882,19146307,12500,1.5,0.76,0.89,0,4548.9,22284.66,0,26834,11,2,0,0,11,87,0,0,5,0,0,0,4549,21209,0,0,1076,0,18557,14,17946,48,7860,267,29.4382,29.35012,29.35012,29.35012,517399.4,5004999,82.14149,10.77936,0.2763937,7.620259,43221.33,19169.59,17518.28,43879780,143800000,11348501,41776860,4446200,22800000,72890,238906,39960,147102,18920,97116,3,402,478480,4980091,816,492625,4977029,46207.43,37364.3,46.20742,37.3643,=(BF99*D99)/N99
Marshan Township,Dakota,Marshan Township,1263,14,6.366667,203,2.260899,62171,0.83,177,147,138,108,276,108,31,0.1469194,1.277778,0.4339623,0.9720382,0.1365193,0.8634807,0.011942,=X100*1000,86241739,62330676,12400,1.38,0.83,0.65,0,9132.56,125008.7,0,134141,90,1,0,11,0,116,0,1,10,0,0,9133,0,117950,0,72,6987,0,0,0,96027,122,14230,573,24.83421,28.8124,28.8124,28.8124,511631,4946532,265.3297,89.7873,1.402927,2.955092,12408.05,5629.305,1994.326,108900000,733700000,31916653,221900000,5430680,38600000,60437,407175,32808,228064,24685,175240,3,402,478480,4980091,816,492625,4977029,47171.98,35934.59,47.17198,35.93459,=(BF100*D100)/N100
May Township,Washington,May Township,2928,30,14.9596,47,0.4768371,80374,0.86,268,249,211,192,422,192,20,0.0527705,1.098958,0.3701755,0.6564994,0.4140829,0.5859171,0.0057540000000000004,=X101*1000,107065779,71610026,12500,1.5,0.39,0.31,0,6348.49,132172.9,0,138521,99,1,0,0,12,197,0,0,2,0,0,0,6348,131535,0,0,638,0,0,0,74888,41,45370,1481,30.63471,27.81195,27.81195,27.81195,513346.1,5001099,420.8105,98.56615,0.9663348,4.26932,20909.33,10576.07,335.6348,263600000,834000000,78026735,268500000,1214600,4454160,90019,284827,49290,169627,30365,111354,3,402,478480,4980091,816,492625,4977029,40705.77,31760.11,40.70577,31.76011,=(BF101*D101)/N101
Mayer City,Carver,Mayer City,554,236,143.5,88,37.41902,48125,0.84,86,77,68,59,136,59,10,0.0884956,1.152542,0.3976608,0.1471273,0.5080772,0.4919228,0.019871,=X102*1000,5132962,3802519,7363,1.35,0.82,0.93,0,1318.06,8686.59,0,10005,2,4,0,0,9,56,0,0,3,0,0,0,1318,7928,0,0,759,0,3694,3,4256,12,8120,287,28.29268,26.95,26.95,26.95,429383.6,4970616,38.1535,2.351745,0.0653263,16.22348,190999,98947.15,30339.2,,,,,,,,,,,,,1,402,478480,4980091,816,492625,4977029,50002.3,63565.7,50.0023,63.5657,=(BF102*D102)/N102
Medicine Lake City,Hennepin,Medicine Lake City,368,383,221,0,0,70750,0.82,14,14,10,10,20,10,1,0.0666667,1,0.4166667,0.260946,0.7690595,0.2309405,0.111111,=X103*1000,7124677,6232035,12500,1.14,0,0,0,0,2609.46,0,2609,1,3,0,0,0,10,0,0,0,0,0,0,0,2609,0,0,0,0,963,2,963,4,4460,221,20.181,25.38474,25.38474,25.38474,466901.7,4983027,14.95526,0.9617818,0.1202227,15.54954,383736.9,230450.7,0,,,,,,,,,,,,,1,402,478480,4980091,816,492625,4977029,11944.77,26413.35,11.94477,26.41335,=(BF103*D103)/N103
Medina City,Hennepin,Medina City,4005,57,27.31429,3229,46.02621,88847,0.9,422,387,341,306,682,306,36,0.0593081,1.114379,0.3739035,0.4222462,0.3825117,0.6174883,0.003654,=X104*1000,72019323,51818890,11717,1.39,0.82,0.9,0,10841.37,133144.6,0,143986,70,2,0,1,13,282,0,0,45,0,0,741,10100,117298,0,0,15847,0,208294,66,209300,84,47635,1912,24.9137,27.26134,27.26134,27.26134,454047.3,4986747,339.3106,70.15568,0.5438424,4.836539,44678.64,21329.73,36021.81,1310000000,5208000000,417500000,1666000000,870300000,3560000000,286408,1138430,178266,711152,222310,908836,3,402,478480,4980091,816,492625,4977029,25323.08,39782.88,25.32308,39.78288,=(BF104*D104)/N104
Mendota City,Dakota,Mendota City,197,252,77,248,317.3264,45938,0.88,72,70,59,57,118,57,3,0.0275229,1.035088,0.3575757,0.1118362,0.5130872,0.4869128,0.018484,=X105*1000,6394951,3742788,11470,1.71,0.84,1.16,0,876.89,5721.45,0,6598,1,8,0,0,4,48,0,0,6,1,0,0,877,4719,0,0,991,12,5532,3,5323,43,1455,77,18.8961,30.59938,30.59938,30.59938,487284,4970465,23.93703,0.7815298,0.0211224,30.62843,164456,64279.74,207030.9,,,,,,,,,,,,,1,402,478480,4980091,816,492625,4977029,13045.28,8462.817,13.04528,8.462817,=(BF105*D105)/N105
Mendota Heights City,Dakota,Mendota Heights City,11434,440,209.1538,8479,326.0294,81155,0.9,1019,829,875,685,1750,685,191,0.1399267,1.277372,0.4270376,0.192509,0.2020599,0.7979401,0.001868,=X106*1000,55353480,38950709,12350,1.42,0.92,1.16,7.24,25883.84,142561.5,12200,168445,26,6,26,0,61,737,0,21,30,0,12200,0,13684,132028,0,5076,5458,0,747640,84,754632,106,104985,5438,19.30581,28.8761,28.8761,28.8761,488938.9,4969790,343.9464,26.00686,0.0922229,13.22522,369246.1,175613.1,273818.3,15820000000,27720000000,4378000000,7481000000,9101000000,14100000000,1299624,2276205,719419,1229256,1015197,1573276,3,402,478480,4980091,816,492625,4977029,14679.92,8123.434,14.67992,8.123434,=(BF106*D106)/N106
Miesville City,Dakota,Miesville City,135,30,15,103,22.89056,53750,0.75,17,17,16,16,32,16,1,0.037037,1,0.3809524,0.3566432,0.9052238,0.0947762,0.066667,=X107*1000,12455872,10272199,12500,1.21,1.37,1.49,0,2408.53,3297.76,0,5706,4,1,0,9,0,2,0,0,5,0,0,2409,0,2294,0,0,1004,0,12006,3,11732,140,1300,60,21.66667,37.25265,37.25265,37.25265,514317.7,4938424,21.76848,4.499671,0.5624589,4.837794,57601.46,25600.65,43947.78,,,,,,,,,,,,,1,402,478480,4980091,816,492625,4977029,54958.88,44282.26,54.95888,44.28226,=(BF107*D107)/N107
Minneapolis City,Hennepin,Minneapolis City,382618,2536,1304.735,308758,2046.067,37974,0.67,14428,8746,13264,7582,26528,7582,5683,0.3748928,1.749406,0.5832894,0.1408899,0.0298389,0.9701611,0.000231,=X108*1000,98776064,85420056,12500,1.16,0.49,0.53,2.82,89491.86,1779271,52615,1868763,151,12,288,104,162,12381,0,307,22,0,52615,12443,24434,1728131,0,49011,2129,0,6891841,,6838040,29,4279480,197015,21.72159,26.36555,26.36555,26.36555,478917.9,4978826,3957.358,150.9032,0.0249716,26.22448,2681295,1380634,2163702,530000000000,956600000000,159700000000,278500000000,387100000000,517000000000,1388004,2505275,784003,1367083,1259700,1682888,3,402,478480,4980091,816,492625,4977029,1339.134,13824.29,1.339134,13.82429,=(BF108*D108)/N108
Minnetonka Beach City,Hennepin,Minnetonka Beach City,614,155,69.75,202,50.85986,150912,0.92,58,50,53,45,106,45,9,0.1058824,1.177778,0.4108527,0.2071696,0.3801839,0.6198161,0.026768,=X109*1000,14210846,10808760,12500,1.31,0.23,0.12,0,0,10979.99,0,10980,4,3,0,0,0,51,0,0,2,0,0,0,0,10808,0,0,172,0,32040,7,32040,84,6765,279,24.24731,25.41949,25.41949,25.41949,453727.7,4976288,50.67778,3.971698,0.1241155,12.75973,117550.7,53414.73,38673.04,201900000,801600000,103200000,390200000,32646126,211000000,217518,863841,197858,748303,112186,723563,3,402,478480,4980091,816,492625,4977029,25042.76,38904.37,25.04276,38.90437,=(BF109*D109)/N109
Minnetonka City,Hennepin,Minnetonka City,51301,708,381.3195,51311,708.3592,69979,0.87,3103,2581,2722,2200,5444,2200,523,0.1189989,1.237273,0.4127995,0.1905039,0.2476637,0.7523363,0.000563,=X110*1000,75272509,56328669,12450,1.34,0.44,0.66,4.57,32468.7,486083,23703,518552,72,7,66,0,31,2555,0,63,7,0,23703,0,8765,465381,0,16224,4478,0,1916089,292,1911636,60,573990,27455,20.90657,25.80079,25.80079,25.80079,463716.4,4975515,979.1098,72.43642,0.0980195,13.51682,537042.4,287411.5,537147.1,49640000000,112100000000,17520000000,35910000000,42150000000,76200000000,940175,2122604,586980,1203232,853624,1543429,3,402,478480,4980091,816,492625,4977029,15456.47,28948.18,15.45647,28.94818,=(BF110*D110)/N110
Minnetrista City,Hennepin,Minnetrista City,4358,54,26.35,362,4.516583,90347,0.83,422,398,330,306,660,306,25,0.0411862,1.078431,0.3618421,0.437942,0.5374276,0.4625724,0.003536,=X111*1000,50053771,28584059,6961,1.75,0.42,0.47,0,8386.4,136134.5,0,144521,80,2,0,0,25,304,1,0,0,0,0,0,8386,133035,3100,0,0,0,149746,73,149158,55,63350,2108,30.05218,26.5283,26.5283,26.5283,443923.3,4976047,455.0864,80.14908,0.4714651,5.677999,25384.54,12278.71,2108.583,1978000000,7758000000,655200000,3124000000,156800000,1030000000,173725,681262,100930,481152,80569,531000,3,402,478480,4980091,816,492625,4977029,34792.54,48711.62,34.79254,48.71162,=(BF111*D111)/N111
Mound City,Hennepin,Mound City,9435,719,421.2308,1723,131.3316,60671,0.88,750,606,650,506,1300,506,145,0.1439921,1.284585,0.4298942,0.1235676,0.2529252,0.7470748,0.002544,=X112*1000,35475952,23698354,12500,1.5,0,0,0,0,80318.94,0,80319,13,6,0,0,0,650,0,0,0,0,0,0,0,80319,0,0,0,0,75808,49,73133,12,163845,5476,29.92056,26.2409,26.2409,26.2409,447991.2,4975693,254.1096,13.11946,0.0548932,19.3689,449509.9,260892,82088.55,224200000,868200000,75989346,354700000,43145970,291000000,182442,706440,111501,520498,88053,594708,3,402,478480,4980091,816,492625,4977029,30804.49,44653.85,30.80449,44.65385,=(BF112*D112)/N112
Mounds View City,Ramsey,Mounds View City,12738,1196,642.6364,4169,391.4328,51974,0.88,542,369,500,327,1000,327,174,0.2681048,1.529052,0.5128205,0.2022159,0.0712143,0.9287857,0.00469,=X113*1000,30069565,22547034,12500,1.33,0.59,0.67,3.59,8080.31,93027.65,3628,101108,11,9,14,18,0,454,0,14,0,0,3628,4453,0,90022,0,3006,0,0,231947,49,212662,27,159375,7069,22.54562,27.06653,27.06653,27.06653,483661.5,4994867,201.203,10.65061,0.0557624,18.89121,1002084,556110.1,327970.4,14680000000,27650000000,4858000000,8529000000,4085000000,7280000000,1142939,2152555,673065,1181747,809031,1440909,3,402,478480,4980091,816,492625,4977029,15658.17,19963.43,15.65816,19.96343,=(BF113*D113)/N113
New Brighton City,Anoka/Ramsey,New Brighton City,22206,1212,676.6111,10831,590.9224,52856,0.86,1080,806,947,673,1894,673,275,0.2050708,1.407132,0.4704421,0.1706686,0.1426494,0.8573506,0.002094,=X114*1000,43317073,30499562,12500,1.42,0.33,0.51,5.56,8982.42,152640.8,8982,161623,18,9,28,0,0,901,0,18,0,0,8982,0,0,147344,0,5297,0,0,608745,80,609635,44,241495,12179,19.8288,27.54412,27.54412,27.54412,483780.7,4990285,346.0994,18.32897,0.0531275,18.88264,926929.1,508379.2,452110.6,31570000000,53700000000,9794000000,16300000000,9375000000,16300000000,1363193,2319175,759437,1263857,915621,1596119,3,402,478480,4980091,816,492625,4977029,11489.35,15935.17,11.48935,15.93517,=(BF114*D114)/N114
New Germany City,Carver,New Germany City,346,220,79.5,51,32.42043,36094,0.79,58,58,37,37,74,37,1,0.0144928,1,0.352381,0.1895174,0.689553,0.310447,0.027778,=X115*1000,6288519,4955208,8810,1.27,0.3,0.23,0,0,7012.14,0,7012,2,4,0,0,0,35,0,0,2,0,0,0,0,6748,0,0,264,0,3496,3,3876,18,4340,159,27.2956,28.60559,28.60559,28.60559,423298.8,4970509,25.22215,1.573082,0.0715037,16.03359,227321.9,104462.9,33506.98,,,,,,,,,,,,,1,402,478480,4980091,816,492625,4977029,56006.92,69632.08,56.00692,69.63208,=(BF115*D115)/N115
New Hope City,Hennepin,New Hope City,20873,1575,836.6923,13341,1006.516,46795,0.86,911,708,768,565,1536,565,204,0.1813333,1.359292,0.4547069,0.1728534,0.1263804,0.8736196,0.00241,=X116*1000,39098067,30759179,12450,1.27,0.33,0.49,4.91,6511.56,126239.8,6512,132751,13,10,19,0,0,732,0,16,1,0,6512,0,0,121976,0,4142,122,0,195634,71,190643,15,234760,10877,21.58316,25.92178,25.92178,25.92178,469539.4,4987179,265.1267,13.25463,0.0465075,20.00258,1332213,694221.1,851485.2,11840000000,25300000000,4056000000,7815000000,5143000000,9770000000,996005,2128080,633616,1220900,767917,1458803,3,402,478480,4980091,816,492625,4977029,11409.36,25218.36,11.40936,25.21836,=(BF116*D116)/N116
New Market City,,New Market City,332,215,96.5,90,58.25575,53250,0.92,63,56,50,43,100,43,8,0.0987654,1.162791,0.4065041,0.1834044,0.5723824,0.4276176,0.027685,=X117*1000,15668649,9942691,12500,1.58,0,0,0,0,9170.22,0,9170,2,6,0,0,0,50,0,0,0,0,0,0,0,9170,0,0,0,0,4445,3,4445,22,5130,193,26.58031,26.04857,26.04857,26.04857,472321,4935501,24.16769,1.544912,0.0735672,15.64341,119435.8,69431.05,32377.18,,,,,,,,,,,,,1,402,478480,4980091,816,492625,4977029,45013.34,46225.82,45.01334,46.22581,=(BF117*D117)/N117
New Market Township,Scott,New Market Township,3057,35,17.44828,283,3.252799,82718,0.85,323,293,252,222,504,222,31,0.070615,1.135135,0.3818182,0.6216823,0.3783973,0.6216027,0.005136,=X118*1000,96247658,64765787,12500,1.49,0.38,0.42,6.21,9734.62,146929.3,9735,156664,87,2,9,0,0,238,0,4,1,0,9735,0,0,145433,0,1213,283,0,0,0,293261,154,42195,1518,27.79644,28.6372,28.6372,28.6372,473051.7,4937316,361.686,87.00198,0.8969277,4.157216,26541.53,13179.6,2457.067,466400000,2238000000,184300000,834900000,22733250,173000000,120800,579665,85053,385246,44575,338518,3,402,478480,4980091,816,492625,4977029,43118.55,44275,43.11855,44.275,=(BF118*D118)/N118
New Prague City,Scott,New Prague City,3157,683,266.6,2208,477.4305,40091,0.86,289,218,241,170,482,170,72,0.2149254,1.417647,0.4781746,0.1542713,0.1863534,0.8136466,0.008388,=X119*1000,18629283,14013746,12500,1.33,0.38,0.37,0,2686.35,34493.03,0,37179,5,8,0,0,18,223,0,0,0,0,0,0,2686,34493,0,0,0,0,30027,18,22398,11,32135,1333,24.10728,27.58185,27.58185,27.58185,454453.3,4933336,82.90588,4.624515,0.0508188,17.92747,597773,252401.5,418081.3,129000000,611400000,30567057,165100000,20583640,152000000,41757,197932,22080,119233,9020,66609,3,402,478480,4980091,816,492625,4977029,52567.2,58018.56,52.5672,58.01856,=(BF119*D119)/N119
New Scandia Township,Washington,New Scandia Township,3692,36,17.98058,275,2.674621,68036,0.87,336,301,279,244,558,244,36,0.0745342,1.143443,0.3842975,0.6035019,0.3139039,0.6860961,0.004706,=X120*1000,85748714,62085849,12104,1.38,0.44,0.5,0,18281.26,150095.8,0,168377,103,2,0,0,25,254,0,0,0,0,0,0,18281,150096,0,0,0,0,0,0,115127,50,60630,1852,32.73758,27.62983,27.62983,27.62983,513490,5011173,425.9487,102.8183,1.082298,4.142733,29232.45,14663.73,2177.39,169800000,839100000,53640191,288900000,2699600,23400000,45990,227264,26955,145167,9925,85856,3,402,478480,4980091,816,492625,4977029,46816.54,40014.49,46.81654,40.01449,=(BF120*D120)/N120
New Trier City,Dakota,New Trier City,116,251,,0,0,59583,0.8,25,22,19,16,38,16,4,0.1481481,1.1875,0.452381,0.150295,0.51003,0.48997,0.079167,=X121*1000,4667400,3893555,12500,1.2,0,0,0,0,2855.61,0,2856,0,6,0,0,0,19,0,0,0,0,0,0,0,2856,0,0,0,0,2920,2,2919,40,1575,62,25.40322,33.66059,33.66059,33.66059,505335.5,4938975,8.534893,0.4625976,0.0385498,18.44993,402187.2,214962.1,0,,,,,,,,,,,,,1,402,478480,4980091,816,492625,4977029,49109.52,40120.63,49.10952,40.12062,=(BF121*D121)/N121
Newport City,Washington,Newport City,3715,372,201,2262,226.7015,45373,0.84,370,274,341,245,682,245,97,0.2,1.391837,0.467764,0.1810163,0.2823738,0.7176262,0.005704,=X122*1000,28182754,20469282,12000,1.38,0.69,0.87,9.33,6630.67,55095.88,5759,61727,10,6,22,4,0,301,0,13,1,0,5759,872,0,51595,0,3332,169,0,296878,31,272331,118,42815,2010,21.30099,28.35294,28.35294,28.35294,500197.9,4968985,145.3096,9.97788,0.0717833,14.56318,321175.7,173772,195558.4,2834000000,6942000000,883200000,2129000000,1255000000,3190000000,762162,1866597,434005,1046089,505894,1287614,3,402,478480,4980091,816,492625,4977029,24392.81,11047.82,24.39281,11.04782,=(BF122*D122)/N122
Nininger Township,Dakota,Nininger Township,865,20,11.51163,143,3.292664,72955,0.84,121,107,99,85,198,85,15,0.0909091,1.164706,0.3975904,0.6138306,0.2934821,0.7065179,0.013866,=X123*1000,61713220,44135368,12350,1.4,0.94,0.74,0,6434.44,54334.78,0,60769,43,1,0,0,7,78,0,0,14,0,0,0,6434,51662,0,0,2673,0,0,0,66293,123,11815,495,23.86869,28.60302,28.60302,28.60302,505464.5,4954809,173.2423,43.42988,0.92404,3.989012,16953.37,9701.639,2802.696,194100000,1054000000,62403646,331200000,7628685,75400000,142705,774674,81294,431479,46234,456855,3,402,478480,4980091,816,492625,4977029,36977.62,25662.85,36.97762,25.66285,=(BF123*D123)/N123
North Oaks City,Ramsey,North Oaks City,3883,174,74.86364,1056,47.34488,149158,0.87,436,382,381,327,762,327,55,0.0847458,1.165138,0.3907692,0.2364106,0.3206349,0.6793652,0.003574,=X124*1000,35741722,24293195,11106,1.47,0.03,0.02,0,0,90072.43,0,90072,22,4,0,0,0,380,0,0,1,0,0,0,0,89939,0,0,134,0,60142,43,66434,28,39580,1647,24.03157,24.49381,24.49381,24.49381,493058.3,4994088,210.7744,22.30442,0.1939514,9.449895,98151.07,41631.42,26692.64,2681000000,7673000000,719300000,1997000000,560800000,1540000000,653394,1870068,377274,1047517,412347,1130558,3,402,478480,4980091,816,492625,4977029,20209.98,17064.5,20.20998,17.0645,=(BF124*D124)/N124
North St Paul City,Ramsey,North St. Paul City,11929,1529,769.25,3496,448.1474,50923,0.85,668,436,618,386,1236,386,233,0.303781,1.601036,0.5364583,0.1546426,0.0694272,0.9305728,0.004159,=X125*1000,23637455,18064782,12500,1.31,0.25,0.39,0,2658.94,92910.16,0,95569,8,12,0,0,10,597,0,0,11,0,0,0,2659,89852,0,0,3058,0,184645,53,178652,24,132490,6154,21.52909,27.50716,27.50716,27.50716,500039.3,4984471,185.9601,7.801005,0.0329156,23.83796,1374665,709169.8,402869.3,10820000000,24410000000,3141000000,7160000000,3072000000,6690000000,855437,1929341,477730,1089034,589060,1282321,3,402,478480,4980091,816,492625,4977029,21999.67,10504.97,21.99967,10.50497,=(BF125*D125)/N125
Northfield City,Dakota,Northfield City,557,634,290,73,83.10167,75580,0.89,64,63,54,53,108,53,2,0.019802,1.018868,0.3529412,0.1263701,0.5681862,0.4318138,0.019594,=X126*1000,9142775,5189906,10850,1.76,0,0,0,0,6823.98,0,6824,1,8,0,0,0,54,0,0,0,0,0,0,0,6824,0,0,0,0,5175,4,3760,11,6915,290,23.84483,25.11492,25.11492,25.11492,486856.2,4924529,19.16456,0.8783147,0.0516656,21.8197,262153.8,136489.4,34357.68,,,,,,,,,,,,,1,402,478480,4980091,816,492625,4977029,56189.82,52816,56.18982,52.81599,=(BF126*D126)/N126
Norwood Young America City,Carver,Norwood Young America City,3108,736,387.75,1531,362.7308,46152,0.84,265,208,223,166,446,166,58,0.17737,1.343374,0.453252,0.1665404,0.2459302,0.7540699,0.008142,=X127*1000,19674322,15009452,12500,1.31,0.35,0.48,0,2775.46,34363.04,0,37139,4,9,0,6,4,212,0,0,1,0,0,1714,1062,34271,0,0,92,0,19181,20,25352,13,38540,1551,24.84848,28.3597,28.3597,28.3597,426902.7,4958251,92.3709,4.220761,0.0449017,21.88489,701150.3,349898.3,345386.4,,,,,,,,,,,,,1,402,478480,4980091,816,492625,4977029,56010.92,68352.4,56.01092,68.3524,=(BF127*D127)/N127
Oak Grove City,Anoka,Oak Grove City,6903,76,40.97802,361,3.959663,70169,0.87,794,685,625,516,1250,516,110,0.1071081,1.21124,0.4053178,0.3570831,0.280422,0.719578,0.002352,=X128*1000,92188833,61976214,12500,1.49,0.11,0.1,0,2380.37,220796.6,0,223177,91,2,0,0,7,617,0,0,1,0,0,0,2380,220484,0,0,313,0,163507,116,163154,38,145910,3729,39.12845,26.90428,26.90428,26.90428,474423.4,5020878,585.1468,91.16937,0.4051972,6.418238,50386.31,27218.68,2635.008,1013000000,2720000000,349200000,1049000000,14937174,60200000,145054,389473,88412,265667,41608,167695,3,402,478480,4980091,816,492625,4977029,40987.73,47476.18,40.98774,47.47618,=(BF128*D128)/N128
Oak Park Heights City,Washington,Oak Park Heights City,3957,451,193.3333,2700,307.5496,48425,0.85,361,307,273,219,546,219,55,0.1270208,1.246575,0.4193548,0.2009094,0.289979,0.710021,0.005718,=X129*1000,28190493,20689355,11104,1.36,0.55,0.79,0,8554.15,46294.13,0,54848,9,6,0,0,22,246,0,4,1,0,0,0,8554,45062,0,1084,148,0,69170,23,89405,36,37090,1740,21.31609,27.27512,27.27512,27.27512,514993.8,4986572,123.6972,8.779072,0.0798097,14.09001,367389.8,161551.2,250682.9,298400000,1262000000,63800713,262600000,122800000,546000000,212233,897495,118312,487041,115451,513493,3,402,478480,4980091,816,492625,4977029,37084.41,24319.16,37.08441,24.31916,=(BF129*D129)/N129
Oakdale City,Washington,Oakdale City,26653,911,490.7931,7637,261.0965,56299,0.9,1504,1155,1314,965,2628,965,350,0.1818182,1.361658,0.4548286,0.1706872,0.146115,0.853885,0.001413,=X130*1000,58079973,45173810,12450,1.29,0.42,0.74,5.57,17548.96,206734,12483,224283,29,8,26,0,17,1240,5,24,2,0,12483,0,5066,197858,1830,6747,299,0,700017,143,679692,41,316065,14233,22.20649,26.85681,26.85681,26.85681,502830.5,4981586,393.2722,29.24973,0.0937491,13.44533,808800.6,431908.5,231749.1,20260000000,49290000000,5934000000,14910000000,3561000000,9700000000,751420,1828676,404542,1016593,456715,1244595,3,402,478480,4980091,816,492625,4977029,24396.35,11176.52,24.39635,11.17652,=(BF130*D130)/N130
Orono City,Hennepin,Orono City,7538,121,59.09678,1098,17.66729,88314,0.88,804,726,674,596,1348,596,79,0.0665543,1.130872,0.3782267,0.260321,0.4040596,0.5959404,0.001901,=X131*1000,61806475,38654186,10119,1.6,0.33,0.6,0,6917.93,168538.4,0,175456,62,3,0,9,0,644,15,0,6,0,0,6918,0,157506,10273,0,759,0,277802,79,361504,77,93415,3664,25.49536,26.95376,26.95376,26.95376,453411.3,4979314,570.101,62.14874,0.2078553,9.17317,70109.27,34078.05,10212.25,3590000000,12900000000,1325000000,4335000000,1416000000,4640000000,332891,1196582,236527,773681,310763,1018492,3,402,478480,4980091,816,492625,4977029,25080.74,39280.18,25.08074,39.28017,=(BF131*D131)/N131
Osseo City,Hennepin,Osseo City,2434,1274,624.5,2289,1198.053,42685,0.88,227,146,207,126,414,126,82,0.3319838,1.642857,0.5564516,0.1312079,0.0997496,0.9002504,0.013143,=X132*1000,10220168,8022814,12054,1.27,0.29,0.62,0,1903.69,25256.35,0,27160,2,14,0,2,0,198,0,7,0,0,0,1904,0,24082,0,1174,0,0,68558,16,68310,45,30540,1249,24.45156,26.66815,26.66815,26.66815,468590.2,4996112,59.29855,1.910599,0.0189168,31.03662,1135695,582778.6,1068039,1894000000,4078000000,579600000,1186000000,451600000,993000000,899246,1936592,522176,1068455,602922,1325644,3,402,478480,4980091,816,492625,4977029,18827.24,30688.99,18.82724,30.68899,=(BF132*D132)/N132
Pine Springs City,Washington,Pine Springs City,421,180,109,24,10.25933,102496,0.87,71,69,60,58,120,58,3,0.027027,1.034483,0.3571429,0.2234359,0.8068448,0.1931552,0.018149,=X133*1000,15507046,9666730,11147,1.6,1.66,1.43,4,1961.81,11444.34,536,13406,2,6,5,0,8,36,0,10,1,0,536,0,1426,8941,0,2377,126,0,76728,7,76728,293,5035,218,23.09633,29.77142,29.77142,29.77142,503591.2,4987043,25.85634,2.339334,0.1063334,11.05287,126089.2,65290.84,7187.982,1657000000,4459000000,469500000,1257000000,37457835,110000000,655653,1764631,361131,967111,394293,1161500,3,402,478480,4980091,816,492625,4977029,26055.78,14850.53,26.05578,14.85053,=(BF133*D133)/N133
Plymouth City,Hennepin,Plymouth City,65894,721,386.3626,53206,582.2622,77008,0.88,3619,3052,3095,2528,6190,2528,568,0.112453,1.224288,0.4084191,0.1827467,0.2250876,0.7749124,0.000484,=X134*1000,80719642,60543184,12500,1.33,0.35,0.59,3.44,31489.36,534111.7,19447,565601,91,6,43,0,30,2950,0,67,5,0,19447,0,12042,515530,0,15879,2702,0,2128539,329,2127422,52,809645,35159,23.0281,26.25863,26.25863,26.25863,463625.3,4985553,1117.448,91.37807,0.1216752,12.22884,568994.1,303597.6,459433.3,51810000000,127300000000,19330000000,41750000000,40250000000,82600000000,784348,1927836,520372,1123773,718821,1475160,3,402,478480,4980091,816,492625,4977029,15827.07,30226.52,15.82707,30.22651,=(BF134*D134)/N134
Prior Lake City,Scott,Prior Lake City,15917,390,201.2927,7989,195.634,75363,0.89,1144,989,910,755,1820,755,156,0.1036545,1.205298,0.4028331,0.1947312,0.2931281,0.7068719,0.001599,=X135*1000,62450123,41504002,12350,1.5,0.18,0.31,0,9692.25,167513.2,0,177205,41,4,0,0,25,885,0,0,0,0,0,0,9692,167513,0,0,0,0,268637,99,247163,25,198045,8253,23.99673,26.0464,26.0464,26.0464,465513.2,4952976,476.6534,40.83646,0.1356693,11.67225,237579.8,123185.7,119245.2,4879000000,14360000000,1888000000,5757000000,870200000,4250000000,311930,918055,221119,674146,108665,530698,3,402,478480,4980091,816,492625,4977029,30056.44,36243.94,30.05644,36.24394,=(BF135*D135)/N135
Ramsey City,Anoka,Ramsey City,18510,240,130.1948,3901,50.49821,68988,0.88,1593,1324,1326,1057,2652,1057,270,0.1280228,1.254494,0.4189574,0.2361553,0.2207276,0.7792724,0.001188,=X136*1000,79256040,56667651,12500,1.4,0.39,0.44,0,20180.36,292961.6,0,313142,77,4,0,44,29,1249,0,4,0,0,0,11227,8954,292001,0,961,0,0,455474,183,458468,40,301970,10025,30.1217,26.61374,26.61374,26.61374,464744.3,5012122,744.2083,77.25027,0.1893389,9.63373,176486.5,95584.95,37194.7,4342000000,12960000000,1898000000,5598000000,397600000,1660000000,233335,696197,179126,528287,99208,414444,3,402,478480,4980091,816,492625,4977029,34851.89,44820.21,34.85189,44.82021,=(BF136*D136)/N136
Randolph City,Dakota,Randolph City,318,124,47,109,42.56409,42750,0.88,67,58,50,41,100,41,10,0.1298701,1.219512,0.4273504,0.1988348,0.5875161,0.4124839,0.030488,=X137*1000,11087574,7783622,12500,1.42,0.28,0.7,0,1206.41,8735.33,0,9942,3,4,0,0,1,48,0,0,1,0,0,0,1206,8490,0,0,246,0,3662,5,3636,18,3185,141,22.58865,29.93302,29.93302,29.93302,498422.7,4930294,37.75628,2.560844,0.0776013,14.74369,111538.1,49455.56,38231.6,,,,,,,,,,,,,1,402,478480,4980091,816,492625,4977029,53641.9,47093.25,53.6419,47.09325,=(BF137*D137)/N137
Randolph Township,Dakota,Randolph Township,536,20,12.74074,116,4.224121,62222,0.89,102,97,72,67,144,67,6,0.0465116,1.074627,0.3692308,0.6180419,0.3603996,0.6396004,0.016282,=X138*1000,43403914,32715899,10384,1.33,0.86,0.68,0,3655.91,40843.11,0,44499,27,2,0,4,1,60,0,0,7,0,0,3335,321,39072,0,0,1771,0,0,0,59903,180,9505,344,27.63081,30.064,30.064,30.064,502043.5,4930676,150.6512,27.46126,0.4992956,5.485956,20388.44,13085.12,4412.424,,,,,,,,,,,,,1,402,478480,4980091,816,492625,4977029,54745.61,47300.2,54.74561,47.3002,=(BF138*D138)/N138
Ravenna Township,Dakota,Ravenna Township,2355,41,22.54386,103,1.814634,74286,0.89,192,164,148,120,296,120,29,0.1234043,1.233333,0.4180791,0.5822966,0.310729,0.689271,0.010364,=X139*1000,67504149,47460913,12500,1.42,0.55,0.33,0,0,86179.9,0,86180,57,2,0,0,0,129,0,0,19,0,0,0,0,80984,0,0,5196,0,0,0,52429,36,39545,1285,30.77432,27.11966,27.11966,27.11966,518456.2,4947786,296.7163,56.76043,0.8226148,5.22752,30683.86,16742.58,1342.012,76117405,469200000,22619041,148800000,1252925,7041335,33845,208645,18159,119483,10895,61229,3,402,478480,4980091,816,492625,4977029,51397.58,39018.01,51.39758,39.01801,=(BF139*D139)/N139
Richfield City,Hennepin,Richfield City,34439,1856,983.0526,11565,623.1461,45519,0.82,1808,1151,1608,951,3216,951,658,0.3468635,1.690852,0.564805,0.1529604,0.0415152,0.9584848,0.00178,=X140*1000,38595346,30536987,12154,1.26,0.4,0.52,5.66,13916.82,232043.6,13917,245960,19,13,53,0,0,1513,0,37,5,0,13917,0,0,224222,0,7652,170,0,956387,145,1198305,56,384980,18678,20.61141,26.8183,26.8183,26.8183,477731.2,4969283,494.6307,18.55905,0.0259205,26.65172,1699524,921737.2,570719.1,47840000000,84930000000,15140000000,25580000000,13480000000,19300000000,1385160,2459089,786971,1329055,1150901,1650122,3,402,478480,4980091,816,492625,4977029,10833.91,16787.68,10.83391,16.78768,=(BF140*D140)/N140
Robbinsdale City,Hennepin,Robbinsdale City,14123,1839,898,7080,921.66,48271,0.81,794,560,692,458,1384,458,235,0.2579583,1.510917,0.5058479,0.147764,0.1132379,0.8867621,0.003306,=X141*1000,25712079,19780154,12400,1.3,0.25,0.29,2.63,2686.37,99566.29,2686,102253,8,13,12,0,0,669,0,10,1,0,2686,0,0,98153,0,1150,263,0,207347,61,201403,23,156955,7184,21.84786,26.69444,26.69444,26.69444,473754,4985891,211.4976,7.681791,0.02604,27.53233,1577171,802265.7,790651.6,17890000000,34560000000,5423000000,10040000000,7126000000,12200000000,1181603,2282750,679412,1258196,920057,1574650,3,402,478480,4980091,816,492625,4977029,7481.281,20848.07,7.481281,20.84807,=(BF141*D141)/N141
Rockford City,Hennepin,Rockford City,144,190,,390,513.9352,,0.91,29,26,24,21,48,21,4,0.1081081,1.142857,0.4210526,0.228021,0.6677941,0.3322059,0.057143,=X142*1000,9133761,6690866,12500,1.37,0.54,0.64,0,883.08,4589.43,0,5473,1,7,0,0,3,21,0,0,0,0,0,0,883,4589,0,0,0,0,7990,2,7990,89,2140,,28.8,29.67854,29.67854,29.67854,442729.3,4992902,18.01197,0.7588505,0.0474282,23.73587,182450.2,0,494135.9,,,,,,,,,,,,,1,402,478480,4980091,816,492625,4977029,37976.78,52359.67,37.97678,52.35967,=(BF142*D142)/N142
Rogers City,Hennepin,Rogers City,3588,279,149.6923,4652,361.4114,73143,0.88,377,333,332,288,664,288,45,0.0788091,1.152778,0.3869464,0.2175032,0.3791488,0.6208513,0.004017,=X143*1000,30648533,17798407,9624,1.72,0.35,0.56,7.44,5373.85,66837.22,5374,72211,13,6,10,0,0,314,0,7,0,1,5374,0,0,64936,0,1886,0,15,235069,16,328775,147,53925,1946,27.71069,27.12149,27.12149,27.12149,456463.6,5004796,144.4567,12.87176,0.1430195,11.22276,140660.5,76289.12,182372.5,373900000,1298000000,119700000,408100000,560600000,2330000000,361615,1255601,207093,705842,206259,857300,3,402,478480,4980091,816,492625,4977029,33091.3,45591.95,33.0913,45.59195,=(BF143*D143)/N143
Rosemount City,Dakota,Rosemount City,14619,160,81.95605,6086,66.74641,65916,0.91,968,776,819,627,1638,627,193,0.1545236,1.30622,0.4368,0.2828008,0.2204817,0.7795182,0.002087,=X144*1000,86650872,67249534,12450,1.29,0.69,0.88,0,18568.86,213045,0,231614,91,3,0,7,26,723,0,4,59,0,0,5581,12988,195761,0,1317,15968,0,399125,101,398021,44,182215,7458,24.43215,26.59611,26.59611,26.59611,494766.3,4954802,556.2702,91.18094,0.3221941,6.100729,138953.8,70888.37,57847.5,6300000000,19690000000,2125000000,6262000000,1302000000,5470000000,426201,1331751,275009,810243,197048,827288,3,402,478480,4980091,816,492625,4977029,30079.52,22329.91,30.07952,22.32991,=(BF144*D144)/N144
Roseville City,Ramsey,Roseville City,33690,940,477.1389,39613,1105.61,51056,0.86,1730,1259,1533,1062,3066,1062,472,0.2227466,1.443503,0.4820755,0.1945794,0.097913,0.902087,0.001361,=X145*1000,52996756,41271332,12500,1.28,0.79,0.74,1.79,15946.85,282343.4,5334,298290,36,8,27,0,54,1338,0,83,31,0,5334,0,10613,262597,0,16139,3607,0,1313422,160,1316366,63,343760,17177,20.01281,27.54001,27.54001,27.54001,487829.2,4984685,565.2237,35.82908,0.073571,15.77556,879790.9,448565.4,1034466,50540000000,91030000000,14950000000,26590000000,38400000000,67200000000,1351616,2434604,750919,1336047,937586,1640867,3,402,478480,4980091,816,492625,4977029,10416.92,9034.056,10.41692,9.034056,=(BF145*D145)/N145
San Francisco Township,Carver,San Francisco Township,888,14,6.730159,62,0.9894785,68889,0.85,198,183,164,149,328,149,16,0.0546075,1.100671,0.3718821,0.5704308,0.4509445,0.5490555,0.007437,=X146*1000,93449771,62908079,12500,1.49,0.9,0.69,0,564.83,92985.83,0,93551,63,1,0,0,2,121,0,0,41,0,0,0,565,77912,0,0,15074,0,0,0,13091,24,13140,424,30.99057,27.41265,27.41265,27.41265,443780.4,4949034,299.5162,62.65688,0.783211,4.78026,9816.882,4687.34,685.4129,77705532,268600000,24357140,93984837,5559259,23700000,87506,302451,49068,189333,23556,100476,3,402,478480,4980091,816,492625,4977029,46568.53,56298.66,46.56853,56.29866,=(BF146*D146)/N146
Sand Creek Township,Scott,Sand Creek Township,1551,18,9.317647,223,2.625285,65370,0.83,274,254,210,190,420,190,21,0.056,1.105263,0.3723404,0.6293048,0.3927706,0.6072295,0.005848,=X147*1000,96435996,57345866,11910,1.68,0.21,0.26,0,5816.15,126337.9,0,132154,85,2,0,7,0,203,0,0,0,0,0,5816,0,126338,0,0,0,0,0,0,144744,150,21850,792,27.58838,28.75791,28.75791,28.75791,454277.3,4946843,365.2648,84.94315,0.8089823,4.300109,10862.05,5546.577,1561.726,194500000,683400000,57523177,233100000,14773350,64500000,111270,390952,61401,248835,59331,258866,3,402,478480,4980091,816,492625,4977029,41124.21,48803.09,41.12421,48.80309,=(BF147*D147)/N147
Savage City,Scott,Savage City,21115,497,267.119,5287,124.5269,75097,0.89,1366,1147,1139,920,2278,920,220,0.119891,1.238043,0.4135802,0.185347,0.263335,0.736665,0.001347,=X148*1000,51736589,36831072,12154,1.4,0.3,0.5,0,12002.56,199107.7,0,211110,42,5,0,16,13,1095,0,0,15,0,0,5634,6368,195413,0,0,3695,0,491503,102,485068,37,278580,11219,24.83109,25.97045,25.97045,25.97045,471254.7,4955740,515.7443,42.45669,0.1182638,12.14754,345799.6,183733.2,86585.02,12400000000,32620000000,4487000000,11010000000,1845000000,6280000000,587184,1544819,382636,939184,343882,1170662,3,402,478480,4980091,816,492625,4977029,25400.32,30164.74,25.40032,30.16474,=(BF148*D148)/N148
Sciota Township,Dakota,Sciota Township,285,7,3.868421,0,0,63125,0.79,72,67,38,33,76,33,6,0.0983607,1.151515,0.4086021,1.431577,0.4256351,0.5743649,0.035985,=X149*1000,64023169,43772516,12500,1.46,0.79,0.59,0,4846.59,49553.35,0,54400,38,1,0,0,3,32,0,0,3,0,0,0,4847,48332,0,0,1222,0,0,0,15014,85,3300,147,22.44898,30.04187,30.04187,30.04187,494459.2,4928263,164.6085,38.4586,1.039422,4.280147,6357.188,3278.97,0,16511576,161000000,4878316,50137265,4427973,35000000,20588,200773,11046,113528,7893,62329,3,402,478480,4980091,816,492625,4977029,54235.84,48800.98,54.23584,48.80098,=(BF149*D149)/N149
Shakopee City,Scott,Shakopee City,20568,279,152.8784,13903,188.9063,59137,0.89,1590,1222,1380,1012,2760,1012,369,0.1827637,1.363636,0.4554456,0.2031047,0.2369419,0.7630581,0.001349,=X150*1000,84648581,62720493,12500,1.35,0.38,0.6,4.27,28508.6,251775.9,11978,280285,74,4,12,50,0,1305,0,12,1,0,11978,16531,0,251141,0,475,160,0,774655,147,771547,60,249545,11313,22.05825,26.46204,26.46204,26.46204,462482.4,4958023,642.5249,73.59732,0.1492846,8.730276,218546.5,120207,147727.2,6951000000,21370000000,2724000000,8521000000,2529000000,10600000000,324933,998902,226378,708182,182306,763993,3,402,478480,4980091,816,492625,4977029,27256.96,35634.57,27.25696,35.63457,=(BF150*D150)/N150
Shoreview City,Ramsey,Shoreview City,25924,791,433.9697,9849,300.4641,69719,0.89,1290,1005,1138,853,2276,853,286,0.1681364,1.334115,0.4457501,0.1888724,0.1377014,0.8622986,0.001566,=X151*1000,72172769,56029700,12500,1.29,0.17,0.28,2.48,5337.81,209599,5338,214937,33,7,14,0,0,1113,0,11,0,0,5338,0,0,206247,0,3352,0,0,657577,104,659047,41,318175,14321,22.21737,26.47659,26.47659,26.47659,489309.3,4992313,423.1288,32.77929,0.0987328,12.90842,679679.2,375470.1,258222.5,27800000000,55850000000,9195000000,17640000000,8379000000,14800000000,1071760,2153189,620929,1191374,843136,1493765,3,402,478480,4980091,816,492625,4977029,16329.07,15639.03,16.32907,15.63903,=(BF151*D151)/N151
Shorewood City,Carver,Shorewood City,7400,350,166,769,36.38441,96589,0.87,584,487,528,431,1056,431,98,0.1143524,1.225058,0.4102564,0.1914173,0.3609498,0.6390502,0.002849,=X152*1000,56482965,36355351,10506,1.55,0.28,0.32,0,3978.51,97089.81,0,101068,21,5,0,0,15,507,0,0,6,0,0,0,3979,96088,0,0,1002,0,151981,52,14054,3,93735,3486,26.88898,25.39594,25.39594,25.39594,453382.2,4972391,242.5817,21.13543,0.1194092,11.47749,190299.9,89646.69,19775.76,4857000000,15320000000,1527000000,5258000000,390200000,1240000000,362761,1144154,210068,723533,289260,920824,3,402,478480,4980091,816,492625,4977029,26252.46,39515.97,26.25246,39.51597,=(BF152*D152)/N152
South St Paul City,Dakota,South St. Paul City,20167,1243,653.375,7867,484.998,45216,0.86,1095,776,986,667,1972,667,320,0.2407825,1.478261,0.4942356,0.1498607,0.1377168,0.8622832,0.00222,=X153*1000,36068885,28119441,12500,1.28,0.42,0.49,1.79,4122.03,143640.6,2651,147763,16,9,15,8,0,927,0,33,3,0,2651,1471,0,136936,0,6160,544,0,368395,85,360383,29,202660,10454,19.38588,27.10339,27.10339,27.10339,496781.6,4970479,334.6195,16.22068,0.0416984,20.62918,1129159,585323.9,440476.7,20240000000,42430000000,6122000000,12380000000,5358000000,11000000000,1008273,2114018,574526,1161466,696166,1424442,3,402,478480,4980091,816,492625,4977029,20672.15,7757.545,20.67215,7.757545,=(BF153*D153)/N153
Spring Lake Park City,Anoka,Spring Lake Park City,6667,1235,725.2,4236,784.7663,46724,0.83,391,274,349,232,698,232,118,0.2570806,1.50431,0.5057971,0.1783028,0.0943099,0.9056901,0.006512,=X154*1000,20680676,15265074,12500,1.35,0.69,0.76,0,6316.57,55911.11,0,62228,5,12,0,31,0,305,0,10,3,0,0,6317,0,53048,0,2526,337,0,132361,33,125455,30,88125,3626,24.30364,26.60546,26.60546,26.60546,480717.3,4995879,124.4602,5.397786,0.0399836,23.05764,968974.9,526999.1,615655.8,6141000000,13430000000,2118000000,4186000000,2911000000,5830000000,921048,2013730,561279,1109409,661404,1323888,3,402,478480,4980091,816,492625,4977029,15945.73,22296.12,15.94573,22.29612,=(BF154*D154)/N154
Spring Lake Township,Scott,Spring Lake Township,3681,44,23.20482,161,1.931178,80141,0.86,348,320,265,237,530,237,29,0.0618337,1.118143,0.3758865,0.5788531,0.3267466,0.6732534,0.004738,=X155*1000,78328375,55184735,12050,1.42,0.31,0.38,0,11179.82,142216.3,0,153396,83,2,0,0,15,250,0,0,0,0,0,0,11180,142216,0,0,0,0,0,0,103200,45,50905,1926,26.43043,28.48894,28.48894,28.48894,463215.3,4946389,393.1614,83.36882,0.6175468,4.715929,36182.79,18931.82,1582.567,660800000,2238000000,221600000,883500000,9208800,35600000,166702,564473,96826,386113,65777,254446,3,402,478480,4980091,816,492625,4977029,36997.8,42470.5,36.9978,42.4705,=(BF155*D155)/N155
Spring Park City,Hennepin,Spring Park City,1717,1095,396,943,601.6594,36071,0.83,94,90,84,80,168,80,5,0.0322581,1.05,0.3589744,0.1227662,0.8034197,0.1965803,0.013291,=X156*1000,13361070,10044765,12500,1.33,0.09,0.28,0,0,10312.36,0,10312,2,7,0,0,0,83,0,0,1,0,0,0,0,9807,0,0,505,0,24366,5,24234,23,23890,792,30.16414,27.46644,27.46644,27.46644,450134.4,4976077,38.06322,1.567332,0.0447809,24.28536,950164.3,438282,521843.3,,,,,,,,,,,,,1,402,478480,4980091,816,492625,4977029,28628.39,42501.26,28.62839,42.50126,=(BF156*D156)/N156
St Anthony City,Hennepin,St. Anthony City,5664,928,412.5,3324,544.8963,54031,0.81,397,251,362,216,724,216,147,0.3442623,1.675926,0.5638629,0.1701145,0.1158648,0.8841352,0.007795,=X157*1000,20375710,15919216,12250,1.28,0,0,0,0,61581.47,0,61581,6,10,0,0,0,362,0,0,0,0,0,0,0,61581,0,0,0,0,83871,29,65790,19,48155,2475,19.45657,26.6803,26.6803,26.6803,482874.3,4986055,127.8376,6.100244,0.0401332,20.95614,1160862,358603.8,481615.8,9174000000,16440000000,2523000000,4391000000,3460000000,5770000000,1371236,2457480,772040,1343612,986563,1645915,3,402,478480,4980091,816,492625,4977029,7408.018,13287.05,7.408018,13.28705,=(BF157*D157)/N157
St Bonifacius City,Hennepin,St. Bonifacius City,1873,699,335.6667,423,157.8376,65446,0.89,107,94,96,83,192,83,14,0.0869565,1.156626,0.3950617,0.1930701,0.3900365,0.6099635,0.014105,=X158*1000,13888056,9067608,11494,1.53,1.24,1.24,0,1669.17,16865.56,0,18535,3,7,0,0,8,60,0,0,28,0,0,0,1669,11775,0,0,5091,0,21004,7,21357,18,30730,1007,30.51639,26.02176,26.02176,26.02176,440984.6,4972715,42.12741,2.679969,0.0812112,15.71936,410366.3,220629.4,92677.48,,,,,,,,,,,,,1,402,478480,4980091,816,492625,4977029,38214.04,51820.32,38.21404,51.82032,=(BF158*D158)/N158
St Francis City,Anoka,St. Francis City,4910,81,39.98361,1136,18.70506,51982,0.89,448,396,340,288,680,288,53,0.0928196,1.180556,0.3962704,0.3812651,0.4125065,0.5874935,0.004113,=X159*1000,89802971,69957017,11668,1.28,0.19,0.19,0,3759.05,125871.1,0,129630,61,2,0,0,10,330,0,0,0,0,0,0,3759,125871,0,0,0,0,73561,49,73912,24,87520,2439,35.88356,27.36077,27.36077,27.36077,469429,5027333,296.3708,60.73224,0.5954142,4.879958,74711.55,37112.32,17285.61,227300000,958300000,63606726,317300000,7171574,70200000,43127,181804,24202,120729,4859,47542,3,402,478480,4980091,816,492625,4977029,48101.22,55394.46,48.10122,55.39447,=(BF159*D159)/N159
St Lawrence Township,Scott,St. Lawrence Township,472,12,7.447369,132,3.461268,66750,0.92,90,82,69,61,138,61,9,0.0769231,1.131148,0.3898305,0.8218374,0.3368611,0.6631389,0.018852,=X160*1000,65516660,41905464,12202,1.56,0.61,0.74,0,8392.82,48313.96,0,56707,38,1,0,6,0,61,0,0,2,0,0,8393,0,47198,0,0,1116,0,0,0,104990,358,7015,283,24.78799,27.73721,27.73721,27.73721,445716.8,4944858,197.6668,38.13631,0.6575226,5.183166,7924.178,4751.149,2216.083,67549395,226400000,18874117,74986412,4174550,21600000,112395,376730,60502,240372,28790,149233,3,402,478480,4980091,816,492625,4977029,48112.25,56880.12,48.11225,56.88012,=(BF160*D160)/N160
St Louis Park City,Hennepin,St. Louis Park City,44126,1577,906.3214,40734,1455.93,49260,0.83,2105,1486,1881,1262,3762,1262,620,0.2461294,1.490491,0.4976191,0.1570099,0.1281143,0.8718857,0.001182,=X161*1000,44893342,33908353,12200,1.32,0.63,0.75,4.66,17310.71,278024.9,13765,295336,28,11,61,0,19,1693,0,93,15,0,13765,0,3545,258755,0,15579,3691,0,1192008,169,1187328,43,494905,25377,19.50211,26.27803,26.27803,26.27803,471211.6,4977325,582.0002,27.97799,0.0389124,20.80207,1263866,726853.1,1166711,54800000000,108800000000,19330000000,35580000000,43540000000,66300000000,1208674,2399012,723927,1332804,1085948,1653245,3,402,478480,4980091,816,492625,4977029,7777.127,21415.48,7.777127,21.41548,=(BF161*D161)/N161
St Marys Point City,Washington,St. Marys Point City,344,354,191,0,0,61750,0.97,67,55,59,47,118,47,13,0.1460674,1.255319,0.4370371,0.1392503,0.3395788,0.6604213,0.02729,=X162*1000,8076370,6105694,12500,1.32,0,0,0,0,8215.77,0,8216,1,8,0,0,0,59,0,0,0,0,0,0,0,8216,0,0,0,0,2748,5,2853,13,5060,191,26.49215,26.04393,26.04393,26.04393,518130.7,4973311,21.56096,0.9730622,0.0286195,22.15784,278776.5,154785.8,0,,,,,,,,,,,,,1,402,478480,4980091,816,492625,4977029,40226.21,25775.28,40.22621,25.77528,=(BF162*D162)/N162
St Paul City,Ramsey,St. Paul City,287151,1980,930.662,197909,1364.883,38774,0.75,11410,7217,10496,6303,20992,6303,4194,0.3328307,1.665239,0.5552558,0.1446479,0.0566898,0.9433102,0.000264,=X163*1000,90988860,77269008,12500,1.18,0.42,0.49,2.15,63591.24,1454633,32605,1518224,145,10,158,167,33,9900,0,222,16,0,32605,27117,3869,1414733,0,35607,4292,0,5474359,895,5447784,31,2841820,134946,21.05894,26.77825,26.77825,26.77825,491788.7,4977163,3261.497,145.0007,0.0322942,22.49297,2083179,978985.4,1435760,341100000000,669200000000,93880000000,180000000000,189200000000,306000000000,1182376,2319575,670879,1285960,1001970,1621462,3,402,478480,4980091,816,492625,4977029,13627.11,846.8699,13.62711,0.8468699,=(BF163*D163)/N163
St Paul Park City,Washington,St. Paul Park City,5070,791,419.1667,1402,218.6616,50805,0.86,373,253,335,215,670,215,121,0.2847059,1.55814,0.5242566,0.1722338,0.1147117,0.8852883,0.007281,=X164*1000,20828093,16030366,12400,1.3,0.09,0.16,2.36,1361.62,56336.71,1362,57698,6,9,4,0,0,331,0,0,0,0,1362,0,0,56337,0,0,0,0,57744,31,47116,15,64820,2515,25.77336,26.60198,26.60198,26.60198,500470.3,4965294,147.9159,6.411733,0.0379393,23.06957,674273.5,334476.9,186455.9,1650000000,4862000000,534200000,1506000000,460500000,1450000000,540662,1593561,340705,960315,361479,1138020,3,402,478480,4980091,816,492625,4977029,26505.19,14115.92,26.50519,14.11592,=(BF164*D164)/N164
Stillwater Township,Washington,Stillwater Township,2553,57,27.66667,0,0,96281,0.89,258,248,200,190,400,190,11,0.0293333,1.052632,0.3546099,0.4885848,0.5873288,0.4126712,0.005569,=X165*1000,85017024,46311065,11518,1.84,0.4,0.51,0,10925.59,86791.38,0,97717,45,2,0,0,16,184,0,0,0,0,0,0,10926,86791,0,0,0,0,0,0,58276,37,33010,1245,26.51406,28.09855,28.09855,28.09855,514638.7,4994045,201.2697,44.98135,0.6247411,4.474513,27047.77,13190.16,0,239900000,956800000,71025654,293000000,5502791,27500000,121101,482984,66763,275377,49575,247517,3,402,478480,4980091,816,492625,4977029,38757.59,27823.19,38.75759,27.82318,=(BF165*D165)/N165
Sunfish Lake City,Dakota,Sunfish Lake City,504,115,47.75,22,5.019846,148410,0.91,75,70,50,45,100,45,6,0.0705882,1.111111,0.3875969,0.386451,0.344531,0.6554689,0.025253,=X166*1000,27402811,15192404,12500,1.8,1.17,1.16,11.77,3641.05,15681.5,2275,19323,4,4,2,0,5,39,0,2,2,0,2275,0,1366,14828,0,655,199,0,142170,9,138789,443,3575,191,18.71728,30.59703,30.59703,30.59703,492554.9,4968768,35.23402,4.382604,0.1753042,8.039515,67314.27,25509.97,2938.321,512500000,969200000,112800000,206300000,16053080,33700000,1128958,2134771,634688,1161342,697960,1463051,3,402,478480,4980091,816,492625,4977029,18064.14,8261.298,18.06414,8.261298,=(BF166*D166)/N166
Tonka Bay City,Hennepin,Tonka Bay City,1547,284,158.2,270,49.55864,84879,0.9,148,129,130,111,260,111,20,0.0921659,1.171171,0.3975535,0.1538612,0.4326463,0.5673537,0.010647,=X167*1000,18493600,11844801,12058,1.56,0,0,0,0,20001.96,0,20002,5,4,0,0,0,130,0,0,0,0,0,0,0,20002,0,0,0,0,32570,11,32672,34,20630,791,26.08091,25.76122,25.76122,25.76122,453548.6,4973869,70.14383,5.448091,0.1135019,12.87494,157245.8,80401.7,27444.32,406600000,1582000000,137100000,543800000,54398586,258000000,253648,987053,157175,623625,169466,804560,3,402,478480,4980091,816,492625,4977029,25696.11,39204,25.69611,39.204,=(BF167*D167)/N167
Vadnais Heights City,Ramsey,Vadnais Heights City,13069,614,344.619,7196,338.0216,60804,0.89,662,551,523,412,1046,412,112,0.1367521,1.269418,0.4252033,0.2399595,0.1985586,0.8014414,0.003089,=X168*1000,48407116,31108972,12300,1.56,0.59,0.93,10.13,14057.67,111441.1,12714,125499,21,6,27,5,0,474,0,15,2,0,12714,1344,0,103904,0,3559,3978,0,677167,65,680170,84,163655,7237,22.61365,28.16632,28.16632,28.16632,494110.2,4989287,278.9674,21.28858,0.1018592,13.10408,409163,226575.3,225291.7,12100000000,25860000000,3899000000,8286000000,4174000000,8900000000,998874,2134319,553275,1175949,639534,1364073,3,402,478480,4980091,816,492625,4977029,18134.5,12347.15,18.1345,12.34715,=(BF168*D168)/N168
Vermillion City,Dakota,Vermillion City,437,170,83.66666,235,91.57053,61667,0.9,57,51,49,43,98,43,7,0.0864198,1.139535,0.398374,0.1858793,0.6072742,0.3927258,0.027132,=X169*1000,11953160,8797478,12500,1.36,0.25,0.11,0,0,9108.09,0,9108,3,4,0,0,0,47,0,0,2,0,0,0,0,8980,0,0,128,0,5855,5,5889,22,5735,251,22.84861,28.66308,28.66308,28.66308,502828.5,4946690,24.22069,2.566328,0.1710886,9.437877,154153.6,88541.31,82897.25,243700000,1164000000,87306118,385200000,24990381,208000000,145242,693976,89008,392696,49881,415772,3,402,478480,4980091,816,492625,4977029,41333.74,32008.86,41.33374,32.00886,=(BF169*D169)/N169
Vermillion Township,Dakota,Vermillion Township,1243,14,7.238636,257,2.904562,64118,0.84,194,163,133,102,266,102,32,0.160804,1.303922,0.4433333,1.002399,0.2161274,0.7838726,0.01291,=X170*1000,82147146,61624254,12500,1.33,0.58,0.45,0,8941.3,124377.7,0,133319,88,2,0,9,0,119,0,0,5,0,0,8941,0,122794,0,0,1584,0,0,0,178716,231,14965,637,23.49294,29.14567,29.14567,29.14567,502088.8,4946610,350.9888,88.48151,0.8937526,3.966805,13660.69,7000.692,2824.455,,,,,,,,,,,,,1,402,478480,4980091,816,492625,4977029,40967.73,31857.18,40.96773,31.85718,=(BF170*D170)/N170
Victoria City,Carver,Victoria City,4025,182,94.22727,940,42.47533,86772,0.87,445,389,389,333,778,333,57,0.086233,1.168168,0.3917422,0.1956498,0.4779941,0.5220059,0.003519,=X171*1000,41685893,27359742,11762,1.52,0.68,0.85,0,9258.77,66849.01,0,76108,22,3,0,0,39,337,0,0,13,0,0,0,9259,62221,0,0,4628,0,111521,29,120051,48,58640,2073,28.28751,26.76458,26.76458,26.76458,448275.9,4968623,198.0815,22.13049,0.1941271,8.950615,114164,58798.01,26661.91,678400000,2153000000,232800000,750600000,65178488,444000000,202632,643032,125721,405340,69934,476754,3,402,478480,4980091,816,492625,4977029,32307.93,45138.71,32.30793,45.13871,=(BF171*D171)/N171
Waconia City,Carver,Waconia City,6814,864,429.375,3993,506.4644,55705,0.88,560,463,483,386,966,386,98,0.1277705,1.251295,0.4192708,0.1370868,0.3728248,0.6271752,0.00325,=X172*1000,32142962,19331666,12105,1.66,0.38,0.46,0,3517.84,62695.08,0,66213,8,8,0,0,13,455,0,0,15,0,0,0,3518,61137,0,0,1558,0,49923,29,72641,17,93610,3435,27.25182,26.28865,26.28865,26.28865,437031.4,4965866,166.1632,7.884069,0.0480736,21.07582,439483.6,221547.7,257537.1,,,,,,,,,,,,,1,402,478480,4980091,816,492625,4977029,43821.64,56703.27,43.82164,56.70327,=(BF172*D172)/N172
Waconia Township,Carver,Waconia Township,1284,15,7.60241,72,0.8636819,76113,0.87,340,335,251,246,502,246,6,0.0123203,1.020325,0.3428962,0.4837081,0.4829014,0.5170986,0.004165,=X173*1000,84384853,55330393,10913,1.53,1.12,1.07,0,15889.82,105520.9,0,121411,83,1,0,0,23,179,0,0,49,0,0,0,15890,90839,0,0,14682,0,0,0,82550,103,18120,631,28.71632,28.50752,28.50752,28.50752,434356.5,4966379,379.8729,83.36403,0.6462328,4.556796,10946.91,5379.671,613.8452,959800000,2367000000,305300000,810100000,171800000,473000000,118511,292260,71925,190848,41276,113616,3,402,478480,4980091,816,492625,4977029,46205.18,59233.9,46.20518,59.2339,=(BF173*D173)/N173
Waterford Township,Dakota,Waterford Township,517,14,6.657895,428,11.22757,51563,0.88,114,34,65,51,130,51,15,0.1546392,1.27451,0.4421769,0.9451382,0.2419215,0.7580785,0.02549,=X174*1000,62298410,45172132,12500,1.38,0.83,0.68,0,8515.81,52918.17,0,61434,38,2,0,0,10,52,0,0,2,1,0,0,8516,52232,0,0,497,190,0,0,56440,176,6815,253,26.93676,30.81923,30.81923,30.81923,489661.2,4928284,198.5943,38.11583,0.5368426,5.210286,13776.88,6741.877,11405.23,,,,,,,,,,,,,1,402,478480,4980091,816,492625,4977029,53000.35,48835.52,53.00035,48.83551,=(BF174*D174)/N174
Watertown City,Carver,Watertown City,3029,701,388.5,682,157.946,47500,0.85,314,259,267,212,534,212,56,0.1336516,1.259434,0.4238095,0.1332007,0.4149659,0.5850341,0.005969,=X175*1000,15440836,10508516,12005,1.47,0.51,0.75,0,2904.36,32660.22,0,35565,4,8,0,0,15,245,5,0,2,0,0,0,2904,30750,1323,0,588,0,24932,17,29408,16,43525,1554,28.00837,26.6732,26.6732,26.6732,433459.8,4979001,85.21112,4.317933,0.0440605,19.73424,470221.5,241242.7,105873.6,,,,,,,,,,,,,1,402,478480,4980091,816,492625,4977029,45033.44,59198.11,45.03344,59.1981,=(BF175*D175)/N175
Watertown Township,Carver,Watertown Township,1432,16,7.438202,210,2.368714,61083,0.82,285,270,206,191,412,191,16,0.0424403,1.078534,0.3633157,0.6507167,0.3480899,0.6519101,0.005676,=X176*1000,110299361,62007443,11909,1.78,1.29,1.22,0,25331.87,108715.8,0,134048,89,2,0,0,27,140,3,0,36,0,0,0,25332,93570,1155,0,13991,0,0,0,109663,123,19685,662,29.73565,29.29456,29.29456,29.29456,434659.6,4975865,355.1407,88.61739,0.8130036,4.007573,8911.271,4119.596,1306.82,329800000,1156000000,96366117,383500000,20209520,146000000,74704,261915,41801,166358,22480,162957,3,402,478480,4980091,816,492625,4977029,44023.71,57977.09,44.02371,57.97709,=(BF176*D176)/N176
Wayzata City,Hennepin,Wayzata City,4113,340,157.5,6139,506.9405,65833,0.8,352,276,293,217,586,217,77,0.1794872,1.35023,0.4542636,0.2123268,0.2726658,0.7273343,0.006251,=X177*1000,26569567,21150774,12500,1.26,0.75,1,9.78,7752.1,54459.66,6084,62212,12,5,20,4,0,256,0,10,3,0,6084,1669,0,50879,0,2336,1245,0,298823,34,244760,96,39815,1890,21.06614,27.23381,27.23381,27.23381,459311.1,4979417,165.5641,12.1099,0.1009158,13.67179,324717.8,149213.8,484668.7,3470000000,8703000000,1263000000,2705000000,4497000000,9560000000,746896,1873265,532915,1141781,679878,1444749,3,402,478480,4980091,816,492625,4977029,19180.72,33399.35,19.18072,33.39935,=(BF177*D177)/N177
West Lakeland Township,Washington,West Lakeland Township,3547,108,52.63636,292,8.871287,96256,0.91,296,261,262,227,524,227,36,0.0801782,1.154185,0.3881482,0.4077324,0.3269717,0.6730283,0.005107,=X178*1000,61620375,39965307,12450,1.54,0.31,0.56,7.49,10051.69,96774.2,8003,106826,33,3,4,0,5,251,0,2,0,0,8003,0,2049,96289,0,485,0,0,0,0,207561,94,40235,1737,23.1635,26.60532,26.60532,26.60532,514243.1,4979800,181.9141,32.91518,0.567503,5.526753,65269.05,31962.88,5373.15,1324000000,4436000000,372800000,1267000000,43550900,218000000,304275,1019631,166653,566259,113710,568835,3,402,478480,4980091,816,492625,4977029,35764.31,21794.93,35.76431,21.79493,=(BF178*D178)/N178
West St Paul City,Dakota,West St. Paul City,19405,1498,729.6154,8726,673.4031,41103,0.85,837,554,789,506,1578,506,284,0.2820258,1.559289,0.5218254,0.1635922,0.0712262,0.9287738,0.003088,=X179*1000,30544005,23494579,12500,1.3,0.39,0.49,0,6661.28,122413,0,129074,13,10,0,8,22,747,0,7,5,0,0,2660,4001,120127,0,1280,1006,0,291158,70,299858,25,190470,9485,20.08118,26.97127,26.97127,26.97127,493231.3,4972055,240.6266,12.95806,0.0434834,18.56965,1311135,640871.6,589588.3,20570000000,41760000000,5813000000,11560000000,6741000000,13100000000,1052431,2137063,593361,1179637,756991,1467991,3,402,478480,4980091,816,492625,4977029,16798.35,5011.306,16.79835,5.011306,=(BF179*D179)/N179
White Bear Lake City,Ramsey,White Bear Lake City,23974,1087,551.8182,12244,555.0592,52941,0.87,1324,940,1220,836,2440,836,385,0.2309538,1.45933,0.4876099,0.1618894,0.1380611,0.8619388,0.001748,=X180*1000,48131580,37327318,12500,1.29,0.44,0.57,2.87,10993.69,186511.4,5677,197505,22,9,11,21,0,1146,0,11,31,0,5677,5316,0,181157,0,3300,2055,0,658672,136,620833,42,268690,12140,22.13262,27.15169,27.15169,27.15169,498812.2,4990241,419.3467,22.05891,0.050827,19.01031,980237.4,496374.5,500626.8,15940000000,39330000000,4643000000,11490000000,4562000000,10600000000,766621,1891546,428471,1059916,526615,1224561,3,402,478480,4980091,816,492625,4977029,22724.63,14588.51,22.72463,14.58851,=(BF180*D180)/N180
White Bear Township,Ramsey,White Bear Township,11293,396,205.8276,2082,72.96935,70000,0.9,692,547,621,476,1242,476,146,0.1541711,1.304622,0.4367089,0.20924,0.296969,0.7030309,0.002747,=X181*1000,31405928,19839706,7796,1.58,0.18,0.42,3.22,6997.04,122941,4179,129938,29,5,3,7,0,608,0,2,1,0,4179,2818,0,122036,0,721,184,0,0,0,221367,32,145330,5969,24.34746,28.26237,28.26237,28.26237,498161,4993969,325.4709,28.53253,0.1235174,11.40701,256638.1,135648,47314.32,6555000000,18880000000,2016000000,5829000000,1319000000,3610000000,591596,1703705,335710,970781,403346,1103020,3,402,478480,4980091,816,492625,4977029,24081.96,17821.64,24.08196,17.82164,=(BF181*D181)/N181
Willernie City,Washington,Willernie City,549,1658,,0,0,42500,0.82,111,86,99,74,198,74,26,0.1818182,1.337838,0.4583333,0.0801476,0.2111602,0.7888398,0.018327,=X182*1000,5354332,4079323,12500,1.31,0,0,0,0,7934.61,0,7935,0,24,0,0,0,99,0,0,0,0,0,0,0,7935,0,0,0,0,4931,4,4727,14,5905,283,20.86572,25.97497,25.97497,25.97497,503378.3,4988940,18.82424,0.3310651,0.0064915,56.85964,1321060,680983.6,0,,,,,,,,,,,,,1,402,478480,4980091,816,492625,4977029,26423.83,16046.57,26.42383,16.04657,=(BF182*D182)/N182
Woodbury City,Ramsey/Washington,Woodbury City,46463,502,261.3763,16077,173.5334,76109,0.89,2495,2044,2303,1852,4606,1852,452,0.1221952,1.24352,0.414955,0.187224,0.2001078,0.7998922,0.000672,=X183*1000,74021288,55101665,12500,1.34,0.26,0.43,3,16183.1,414993.7,12950,431177,93,5,21,0,3,2226,0,8,45,0,12950,0,3233,405074,0,2935,6985,0,1540998,238,1277428,44,580155,24308,23.86683,25.6001,25.6001,25.6001,506079.7,4972475,794.0411,92.64498,0.1768034,8.570795,370486.7,193827.1,128194.8,27360000000,75030000000,8314000000,23070000000,6968000000,19600000000,588797,1614916,328169,910681,438246,1235027,3,402,478480,4980091,816,492625,4977029,28631.31,14204.62,28.63131,14.20462,=(BF183*D183)/N183
Woodland City,Hennepin,Woodland City,480,160,50.33333,17,5.661937,153881,0.8,45,44,41,40,82,40,2,0.0266667,1.025,0.3596491,0.2006145,0.6246486,0.3753514,0.026282,=X184*1000,6092119,4281270,7370,1.42,0,0,0,0,8225.2,0,8225,3,3,0,0,0,41,0,0,0,0,0,0,0,8225,0,0,0,0,2960,5,2839,10,3955,151,26.19205,24.90191,24.90191,24.90191,459335.8,4977796,30.38791,3.002506,0.1501253,10.12085,99590.69,31329.57,3527.17,348500000,959200000,108600000,251900000,20160992,44300000,667585,1837535,482391,1119158,630031,1385198,3,402,478480,4980091,816,492625,4977029,19281.35,33298.04,19.28135,33.29804,=(BF184*D184)/N184
Young America Township,Carver,Young America Township,838,9,4.863636,108,1.221852,65000,0.79,320,293,226,199,452,199,28,0.0712468,1.135678,0.3824027,0.6602525,0.2330796,0.7669204,0.005736,=X185*1000,101008136,66238145,12450,1.52,1.4,1.18,0,19297.46,129919.6,0,149217,88,2,0,11,18,145,0,0,52,0,0,8615,10682,112441,0,0,17478,0,0,0,93085,179,11285,428,26.36682,29.42148,29.42148,29.42148,424780.3,4956762,348.1825,88.26934,0.8024486,3.944546,7178.918,3666.559,925.2066,198500000,662700000,56657904,214300000,24996335,94000000,44277,147793,23607,89298,14035,52786,3,402,478480,4980091,816,492625,4977029,58548.26,70807.16,58.54826,70.80716,=(BF185*D185)/N185
